,company,code
0,JS전선,005560
1,거북선2호,101380
2,거북선6호,114140
3,교보메리츠,064900
4,국제관광공사,028780
5,굿리치경매1,085450
6,그린손해보험,000470
7,극동건설,000980
8,금성산업,028930
9,금호케미칼,014740
10,기라정보통신,019930
11,나라종금,016390
12,뉴맥스,014080
13,대덕GDS,004130
14,대한종금,009030
15,동국무역,004420
16,동부일렉트로닉스,001830
17,동북아12호선박투자,083370
18,동북아14호선박투자,083390
19,동북아9호,083120
20,동아콘크리트공업,029230
21,두산상사,000090
22,라이프주택,010530
23,마이다스성일,035590
24,미성건설,028400
25,보람은행,008890
26,보루네오가구,004740
27,삼보증권,029150
28,삼성신약,003400
29,삼양제넥스,003940
30,서울교통공사,000730
31,세원화성,007910
32,송원칼라,011450
33,스마텔,004190
34,신승기업,028980
35,신정제지,018690
36,신한은행,000010
37,신호전자,008190
38,신호페이퍼,012190
39,아시아7호,082260
40,아시아퍼시픽11호,083580
41,아시아퍼시픽12호,083590
42,아시아퍼시픽15호,083620
43,알바트로스,034180
44,알앤엘바이오,003190
45,에스지신성건설,001970
46,에이치비이에너지,017300
47,엘아이지건설(주),012720
48,연합과기,900030
49,영풍산업,002850
50,우성건설,008640
51,우진건설산업,029110
52,우진전기,012050
53,웅진에너지,103130
54,유리이에스,007050
55,이지닷컴,012260
56,장기은행,005020
57,제일종금,012500
58,제일화재해상보험,000610
59,조선맥주,034380
60,중앙제지,005600
61,중앙종금,008990
62,지비베트남1,094950
63,캠브리지코오롱,004620
64,케니상사,028560
65,코리아01호,090970
66,태림페이퍼,019300
67,트러스제7호,140890
68,티엘씨레저,014590
69,팬택앤큐리텔,063350
70,평안섬유공업,028360
71,플래티넘1호,034580
72,한국생사,028380
73,한국운수,028750
74,한국코아,010150
75,한길종금,014430
76,한솔아트원제지,007190
77,한솔종금,010220
78,한주전자,007000
79,한주화학,010970
80,한화기계,000930
81,한화화인케미칼,025850
82,현대DSF,016510
83,현대반도체,029890
84,현대하이스코,010520
85,화인자산관리,010460
86,흥양,010030
87,3R,037730
88,3노드디지탈,900010
89,IBKS제7호스팩,276920
90,KTB드림1,042300
91,KTB자산배분2,038380
92,SK1호스팩,207930
93,SK컴즈,066270
94,경북금고,008050
95,경윤하이드로,019120
96,골든브릿지제2호스팩,206660
97,교보성공파트너일호펀,034650
98,교보성공파트너크린앤,035980
99,국제종합토건,024860
100,굿라이프10-MF,037510
101,글로웍스,034600
102,네이쳐글로벌,088020
103,넷컴스토리지,037010
104,뉴젠아이씨티,054150
105,뉴켐진스템셀,036280
106,다임알짜2호-MF,051960
107,단암산업,005650
108,대백쇼핑,027700
109,대신증권그로쓰스팩,123550
110,데코,013650
111,동방티엔씨,018860
112,동아일렉콤,011860
113,동원뮤추얼장보고1호,034470
114,드림라인,035430
115,마이다스코코,040860
116,맥시스템,036880
117,모빌탑,085680
118,무한투자,034510
119,미래아이티2,040260
120,미래에셋알바트로스이,035320
121,미래에셋크린채권형이,036310
122,미래주식1,047890
123,미래하이2호,039210
124,미래하이4,040950
125,미래한아름2,046820
126,미주실업,015060
127,박현주1호,034160
128,박현주3성장,037770
129,박현주7성장,038940
130,베스트플로우,060410
131,부산방직,025270
132,비엔디,047940
133,비엔씨컴퍼니,058370
134,사라콤,040020
135,사이노젠,064060
136,삼능건설,002830
137,삼성라이프에머랄드일,034320
138,삼성프라임증권투자회,034270
139,성보섬유,008430
140,세븐코스프,017160
141,세원,013730
142,세이플러스,049990
143,스틸플라워,087220
144,승화프리텍,111610
145,신텍,099660
146,신한제4호스팩,277480
147,신호테크,018910
148,실크자산2,036650
149,심스밸리,042470
150,알루코,021570
151,알에스넷,046430
152,에이프로테크놀로지,045470
153,엘앤피아너스,061140
154,엠제이비,074150
155,영일케미컬,001910
156,우전,052270
157,원진,005370
158,유티엑스,045880
159,이글5호,037190
160,이랜드리테일,013690
161,이레전자산업,045310
162,이론테크,034980
163,이롬텍,045400
164,이앤텍,047450
165,익산,023710
166,일신,012540
167,제네시스,052640
168,조이토토,044370
169,중앙디자인,030030
170,지노시스템,033850
171,지디코프,036610
172,지앤알,043630
173,지에스엔텍,037640
174,지엔텍홀딩스,065410
175,챌린지성장2,035680
176,카카오M,016170
177,태평양금속,011920
178,트라이콤,038410
179,트윈스챌린지펀드,034350
180,파티게임즈,194510
181,팬텀엔터그룹,025460
182,퓨쳐인포넷,058690
183,플래닛82,057330
184,플래티넘성2-MF,044740
185,하림홀딩스,024660
186,한국4호스팩,240540
187,한국제5호스팩,271740
188,한국제6호스팩,281410
189,한국종합철관,014340
190,한국체인,012350
191,한국화이바,007850
192,한림창투,021060
193,한아시스템,036020
194,한일제관,026950
195,한컴지엠디,077280
196,한통엠닷컴,030700
197,희훈디앤지,019640
198,극동자동화,272420
199,나무기술,167380
200,시냅스엠,246830
201,영현무역,242850
202,유디피,091270
203,인산가,062580
204,인프라웨어테크놀러지,247300
205,한국비엔씨,226610
206,DSR,155660
207,GS글로벌,001250
208,HDC현대산업개발,294870
209,KG케미칼,001390
210,LG이노텍,011070
211,LG전자,066570
212,LG헬로비전,037560
213,OCI,010060
214,S&TC,100840
215,S&T모티브,064960
216,SK이노베이션,096770
217,STX,011810
218,WISCOM,024070
219,YG PLUS,037270
220,갤럭시아에스엠,011420
221,고려아연,010130
222,극동유화,014530
223,까뮤이앤씨,013700
224,대덕,008060
225,대덕전자,353200
226,대영포장,014160
227,대한유화,006650
228,동아쏘시오홀딩스,000640
229,두산,000150
230,두산밥캣,241560
231,락앤락,115390
232,롯데정보통신,286940
233,마니커,027740
234,만도,204320
235,메리츠증권,008560
236,모두투어리츠,204210
237,부국증권,001270
238,삼성SDI,006400
239,삼성엔지니어링,028050
240,삼성중공업,010140
241,삼성출판사,068290
242,삼성화재해상보험,000810
243,삼양식품,003230
244,삼양홀딩스,000070
245,삼영전자공업,005680
246,삼영화학공업,003720
247,상상인증권,001290
248,선도전기,007610
249,선진,136490
250,세방전지,004490
251,세원셀론텍,091090
252,신한알파리츠,293940
253,신한지주,055550
254,쌍용자동차,003620
255,에넥스,011090
256,영화금속,012280
257,윌비스,008600
258,유나이티드,033270
259,인지컨트롤스,023800
260,인터지스,129260
261,일성건설,013360
262,일진다이아,081000
263,제일약품,271980
264,제일연마,001560
265,제일파마홀딩스,002620
266,조흥,002600
267,지역난방공사,071320
268,진도,088790
269,코오롱인더,120110
270,키다리스튜디오,020120
271,태경산업,015890
272,태양금속공업,004100
273,포스코강판,058430
274,필룩스,033180
275,한국공항,005430
276,한국종합기술,023350
277,한국패러랠,168490
278,한라홀딩스,060980
279,한미약품,128940
280,한솔로지스틱스,009180
281,한일철강,002220
282,한일현대시멘트,006390
283,한창제지,009460
284,한화생명,088350
285,한화시스템,272210
286,현대건설,000720
287,현대건설기계,267270
288,현대모비스,012330
289,현대비앤지스틸,004560
290,현대엘리베이터,017800
291,현대차증권,001500
292,현대홈쇼핑,057050
293,호전실업,111110
294,CJ프레시웨이,051500
295,EDGC,245620
296,GST,083450
297,GS홈쇼핑,028150
298,IBKS제13호스팩,351340
299,ITX-AI,099520
300,JW신약,067290
301,KB오토시스,024120
302,KH바텍,060720
303,KPX생명과학,114450
304,SK5호스팩,337450
305,SK6호스팩,340350
306,TJ미디어,032540
307,YW,051390
308,경창산업,024910
309,고려시멘트,198440
310,골프존,215000
311,교보8호스팩,307280
312,국순당,043650
313,그리티,204020
314,나노브릭,286750
315,나스미디어,089600
316,네오티스,085910
317,네이처셀,007390
318,녹십자셀,031390
319,뉴인텍,012340
320,뉴프렉스,085670
321,대봉엘에스,078140
322,대유,290380
323,대유에이피,290120
324,대주산업,003310
325,대한약품,023910
326,동구바이오제약,006620
327,동방선기,099410
328,디에이테크놀로지,196490
329,디에이피,066900
330,디엔에이링크,127120
331,디엔에프,092070
332,디오,039840
333,디오스텍,196450
334,디지탈옵틱,106520
335,디지틀조선,033130
336,룽투코리아,060240
337,링크제니시스,219420
338,메디톡스,086900
339,메이슨캐피탈,021880
340,메탈라이프,327260
341,모비스,250060
342,모트렉스,118990
343,미래SCI,028040
344,미스터블루,207760
345,미코바이오메드,214610
346,바디텍메드,206640
347,바이넥스,053030
348,브랜드엑스코퍼레이션,337930
349,삼보판지,023600
350,삼본전자,111870
351,삼아제약,009300
352,상지카일룸,042940
353,서암기계공업,100660
354,성창오토텍,080470
355,세보엠이씨,011560
356,세종메디칼,258830
357,세코닉스,053450
358,셀루메드,049180
359,셀바스헬스케어,208370
360,셀트리온제약,068760
361,스튜디오산타클로스,204630
362,스페코,013810
363,승일,049830
364,시스웍,269620
365,심텍,222800
366,쌍용정보통신,010280
367,씨케이에이치,900120
368,아나패스,123860
369,아바텍,149950
370,아이센스,099190
371,아이씨디,040910
372,아이씨케이,068940
373,아이오케이,078860
374,아이원스,114810
375,아이즈비전,031310
376,아이티센,124500
377,알리코제약,260660
378,알에프세미,096610
379,알에프텍,061040
380,애니플러스,310200
381,에스아이리소스,065420
382,에스에너지,095910
383,에스코넥,096630
384,에쎈테크,043340
385,에이루트,096690
386,에이티넘인베스트,021080
387,엑세스바이오,950130
388,엑시콘,092870
389,엔피케이,048830
390,엠게임,058630
391,엠벤처투자,019590
392,엠씨넥스,097520
393,영화테크,265560
394,오공,045060
395,오스템임플란트,048260
396,오픈베이스,049480
397,옵티시스,109080
398,와이지-원,019210
399,우리바이오,082850
400,원익QnC,074600
401,원익큐브,014190
402,원풍물산,008290
403,웨이브일렉트로,095270
404,웰크론,065950
405,유니온커뮤니티,203450
406,유니테크노,241690
407,유비쿼스홀딩스,078070
408,유신,054930
409,유안타제5호스팩,336060
410,유진스팩5호,331380
411,유테크,178780
412,유티아이,179900
413,이스트소프트,047560
414,이스트아시아홀딩스,900110
415,이엠넷,123570
416,이지바이오,353810
417,이지웰,090850
418,인베니아,079950
419,인텍플러스,064290
420,자비스,254120
421,자이글,234920
422,장원테크,174880
423,정상제이엘에스,040420
424,제우스,079370
425,제이엠티,094970
426,제이웨이,058420
427,제일제강,023440
428,제주반도체,080220
429,젬백스,082270
430,조아제약,034940
431,주성엔지니어링,036930
432,지엔씨에너지,119850
433,지엔코,065060
434,캐스텍코리아,071850
435,케이비제20호스팩,342550
436,케이피엠테크,042040
437,케이피티유,054410
438,켄코아에어로스페이스,274090
439,코렌,078650
440,코윈테크,282880
441,코프라,126600
442,키네마스터,139670
443,토탈소프트,045340
444,투비소프트,079970
445,트루윈,105550
446,특수건설,026150
447,티앤알바이오팹,246710
448,티에스이,131290
449,파세코,037070
450,파커스,065690
451,패션플랫폼,225590
452,푸드웰,005670
453,프로스테믹스,203690
454,피델릭스,032580
455,피에스엠씨,024850
456,하나금융15호스팩,341160
457,하이즈항공,221840
458,한국맥널티,222980
459,한국코퍼레이션,050540
460,한양디지텍,078350
461,한일진공,123840
462,한일화학,007770
463,해덕파워웨이,102210
464,현대바이오,048410
465,화성밸브,039610
466,휴맥스,115160
467,휴온스글로벌,084110
468,나눔테크,244880
469,다원넥스뷰,323350
470,다이노나,086080
471,다이오진,271850
472,선바이오,067370
473,씨앗,103660
474,아이피몬스터,223220
475,에스알바이오텍,270210
476,엘리비젼,276240
477,유투바이오,221800
478,이도바이오,336040
479,전우정밀,120780
480,지놈앤컴퍼니,314130
481,진코스텍,250030
482,큐엠씨,136660
483,폭스소프트,354230
484,LG종금,008810
485,거북선4호,108890
486,경남에너지,008020
487,경동산업,002940
488,경일화학공업,028580
489,고려개발,004200
490,국민은행_(합병전),023130
491,금강피혁,013040
492,금성투자금융,028450
493,기린,006070
494,기산,011470
495,남양소금,029060
496,대농,001110
497,대성자원,004260
498,대우전자,007410
499,대우중공업,000200
500,대일화학공업,003110
501,대한모방,001350
502,대한알루미늄공업,009050
503,대호,001980
504,동국중기공업,028410
505,동북아21호선박투자,088010
506,동아금고,030710
507,동양현대종금,008980
508,동양화학공업,002740
509,동원증권,005890
510,럭키소재,034370
511,롯데미도파,004010
512,문화방송,028860
513,박현주2성장,037480
514,범양식품,008750
515,범화건설,029080
516,부국제강,029170
517,삼보컴퓨터,014900
518,삼삼종금,016500
519,삼성물산,000830
520,삼신,011540
521,삼양엔텍,008720
522,새서울상사,028350
523,새한상사,028990
524,서광,003260
525,서진식품,028550
526,성지건설,005980
527,승리기계제작소,028540
528,신한은행(조흥),015580
529,아시아퍼시픽13호,083600
530,아시아퍼시픽14호,083610
531,에스와이,004530
532,에프지엔개발리츠,119250
533,영원통신,028520
534,우리금융지주,053000
535,인천중공업,028770
536,일신,031060
537,제일저축은행,024100
538,중국고섬,950070
539,진성레미컨,002910
540,진영산업,004330
541,청화상공,016490
542,카스코,005330
543,케이엠에이치,009690
544,코리아03호,090990
545,코크렙II,070540
546,코크렙제3호CR리츠,073530
547,태화쇼핑,015880
548,태흥피혁,016680
549,티이씨코,008900
550,풍진,028640
551,플래티넘3호,035040
552,플래티넘타겟,035050
553,하나니켈2호,099350
554,하나은행,002860
555,하이골드8호,159650
556,한국제지,002300
557,한일방직,004210
558,한일양행의약품,004350
559,한주통산,000450
560,한진건설,005660
561,한화폴리드리머,003500
562,허메스홀딩스,012400
563,현대경매부동산일호,083160
564,현대리바트,012830
565,현대페인트,011720
566,호승,017070
567,CJ프론티어,039720
568,CT&T,050470
569,IDH,026230
570,JH코오스,065310
571,JS,037110
572,SIMPAC Metal,090730
573,SK3호스팩,232330
574,광일,023920
575,나노하이텍,071360
576,나리지*온,036850
577,넥서스투자,019430
578,다다,023140
579,다임채권형일,044750
580,대동금고,007090
581,대백저축은행,026970
582,대신석유,007930
583,대아건설,000380
584,대양글로벌,040180
585,대흥멀티통신,037250
586,동방라이텍,025690
587,동방전자,004480
588,동양기공,018720
589,동양매직,023020
590,두림티앤씨,033330
591,리젠트성장1,036970
592,마이다스자산배분형일,035880
593,마이다스테3,040520
594,마이다스하전,039920
595,모보,051810
596,미래아이티1,039220
597,미래에셋드림이호펀드,034960
598,미래에셋프리미어혼합,063680
599,미래하이3,040270
600,보성인터,033300
601,비락,003700
602,산양전기,079870
603,삼덕제지,000550
604,삼목강업,158380
605,삼성다이나믹증권투자,034260
606,삼협개발,008010
607,삼호건설,004520
608,선우중공업,068770
609,선팩테크,054010
610,소프트윈,049790
611,시큐어소프트,037060
612,신민저축은행,031920
613,신원금속,026900
614,신한캐피탈,023780
615,쌍용건설,012650
616,쎄라텍,041550
617,씨그널엔터테인먼트그룹,099830
618,씨엔씨엔터,038420
619,아이스테이션,056010
620,아큐텍,013780
621,액티투오,047710
622,야호,059720
623,에이스일렉,038690
624,엔터미디어,068420
625,엠씨티티코어,052210
626,오브제,058680
627,오상헬스케어,036220
628,유니텍전자,039040
629,유리배분일,037530
630,유리크레디트회사채혼,051990
631,유진스팩3호,221200
632,으뜸저축은행,032150
633,이베스트스팩3호,225440
634,인베스티움사파이어전,034330
635,인터파크,108790
636,자유투어,046840
637,잘만테크,090120
638,제이테크놀로지,035480
639,제일곡산,011890
640,지디,155960
641,청람디지탈,035270
642,카라반케이디이,032570
643,케이비제8호스팩,222390
644,케이에스알,066340
645,케이엔티,036590
646,케이티씨텔레콤,055810
647,코썬바이오,204990
648,큐리어스,045050
649,택산아이엔씨,036900
650,티이씨,067950
651,평안물산,037240
652,포휴먼,049690
653,피죤,002750
654,피코소프트,039580
655,하나머스트3호스팩,208870
656,한국코인,007560
657,한마음저축은행,025450
658,한빛네트,036720
659,한빛전자통신,044570
660,한영전자,008860
661,한일,022610
662,한화SV스팩1호,124050
663,한화에이스스팩3호,264290
664,해원에스티,058480
665,현주컴퓨터,038960
666,금오하이텍,165270
667,비지스틸,179440
668,스페이스솔루션,245030
669,에스와이제이,251540
670,엔케이맥스,262760
671,피엠디아카데미,144740
672,CJ CGV,079160
673,HDC현대EP,089470
674,JW홀딩스,096760
675,KB금융,105560
676,SG충방,001380
677,금강공업,014280
678,금호산업,002990
679,금호전기,001210
680,기업은행,024110
681,남선알미늄,008350
682,남성,004270
683,넷마블,251270
684,대구백화점,006370
685,대우건설,047040
686,대원제약,003220
687,대한방직,001070
688,대한제당,001790
689,대한해운,005880
690,덕양산업,024900
691,동원금속,018500
692,두산인프라코어,042670
693,디씨엠,024090
694,디티알오토모티브,007340
695,롯데손해보험,000400
696,롯데칠성음료,005300
697,롯데하이마트,071840
698,미래에셋생명,085620
699,미원홀딩스,107590
700,백산,035150
701,보락,002760
702,사조대림,003960
703,사조동아원,008040
704,서원,021050
705,세방,004360
706,세아홀딩스,058650
707,세이브존I&C,067830
708,신송홀딩스,006880
709,신일전자,002700
710,써니전자,004770
711,아이마켓코리아,122900
712,아이에이치큐,003560
713,에이블씨엔씨,078520
714,엔씨소프트,036570
715,영보화학,014440
716,영진약품,003520
717,영풍,000670
718,예스코홀딩스,015360
719,유니온머티리얼,047400
720,유유제약,000220
721,유한양행,000100
722,이마트,139480
723,이수화학,005950
724,이스타코,015020
725,인천도시가스,034590
726,일정실업,008500
727,종근당홀딩스,001630
728,지엠비코리아,013870
729,진원생명과학,011000
730,컨버즈,109070
731,케이씨텍,281820
732,코리아써키트,007810
733,코스모화학,005420
734,코아스,071950
735,코오롱플라스틱,138490
736,쿠쿠홀딩스,192400
737,큐로,015590
738,티비에이치글로벌,084870
739,하이트론씨스템즈,019490
740,한국금융지주,071050
741,한국전자홀딩스,006200
742,한국타이어앤테크놀로지,161390
743,한국토지신탁,034830
744,한국특수형강,007280
745,한화솔루션,009830
746,해태제과식품,101530
747,현대에너지솔루션,322000
748,현대위아,011210
749,현대코퍼레이션홀딩스,227840
750,호텔신라,008770
751,화승인더스트리,006060
752,화천기공,000850
753,환인제약,016580
754,효성,004800
755,효성화학,298000
756,흥아해운,003280
757,APS홀딩스,054620
758,CJ ENM,035760
759,CMG제약,058820
760,CS,065770
761,CSA 코스믹,083660
762,EG,037370
763,GV,045890
764,HRS,036640
765,NICE평가정보,030190
766,PN풍년,024940
767,SCI평가정보,036120
768,SM C&C,048550
769,THE E&M,089230
770,UCI,038340
771,감마누,192410
772,강스템바이오텍,217730
773,게임빌,063080
774,경남바이오파마,044480
775,경남제약헬스케어,223310
776,고영,098460
777,광림,014200
778,국영지앤엠,006050
779,나노엔텍,039860
780,나이벡,138610
781,남화토건,091590
782,네오팜,092730
783,넥스턴,089140
784,넵튠,217270
785,노바렉스,194700
786,녹원씨엔아이,065560
787,누리텔레콤,040160
788,뉴파워프라즈마,144960
789,대성파인텍,104040
790,대아티아이,045390
791,대주전자재료,078600
792,대창솔루션,096350
793,덕산네오룩스,213420
794,데브시스터즈,194480
795,동아엘텍,088130
796,드래곤플라이,030350
797,디알텍,214680
798,디엠티,134580
799,딜리,131180
800,럭슬,033600
801,레드로버,060300
802,레드캡투어,038390
803,레이언스,228850
804,로보로보,215100
805,매일홀딩스,005990
806,머큐리,100590
807,메디앙스,014100
808,메타바이오메드,059210
809,멕아이씨에스,058110
810,모두투어,080160
811,무림SP,001810
812,미래에셋대우스팩3호,328380
813,미래에셋벤처투자,100790
814,미코,059090
815,부스타,008470
816,비즈니스온,138580
817,비트컴퓨터,032850
818,사람인에이치알,143240
819,삼륭물산,014970
820,삼양옵틱스,225190
821,삼영이엔씨,065570
822,삼일,032280
823,삼일기업공사,002290
824,삼지전자,037460
825,삼진,032750
826,삼화네트웍스,046390
827,상보,027580
828,상신이디피,091580
829,서린바이오,038070
830,서울바이오시스,092190
831,서호전기,065710
832,성우하이텍,015750
833,세경하이테크,148150
834,세명전기,017510
835,셀바스AI,108860
836,손오공,066910
837,솔루에타,154040
838,수성,084180
839,슈프리마,236200
840,스튜디오드래곤,253450
841,신라에스지,025870
842,신라젠,215600
843,신영스팩5호,323280
844,신한제6호스팩,333050
845,아가방컴퍼니,013990
846,아래스,050320
847,아모텍,052710
848,아미코젠,092040
849,아이에이,038880
850,아이에이네트웍스,123010
851,아이톡시,052770
852,액트로,290740
853,에스에스알,275630
854,에스제이그룹,306040
855,에스제이케이,080440
856,에스티팜,237690
857,에이씨티,138360
858,에프알텍,073540
859,에프에스티,036810
860,엔시트론,101400
861,엔에이치스팩14호,319400
862,영신금속,007530
863,예림당,036000
864,오르비텍,046120
865,오성첨단소재,052420
866,오션브릿지,241790
867,우리손에프앤지,073560
868,우수AMS,066590
869,원일특강,012620
870,윈하이텍,192390
871,윌링스,313760
872,유니테스트,086390
873,유바이오로직스,206650
874,유안타제6호스팩,340360
875,육일씨엔에쓰,191410
876,이글루시큐리티,067920
877,이글벳,044960
878,이녹스,088390
879,이랜시스,264850
880,이베스트스팩5호,349720
881,이에스에이,052190
882,이엠앤아이,083470
883,이엠텍,091120
884,이즈미디어,181340
885,이지케어텍,099750
886,인선이엔티,060150
887,인포마크,175140
888,인포바인,115310
889,인포뱅크,039290
890,잉크테크,049550
891,전진바이오팜,110020
892,정다운,208140
893,제놀루션,225220
894,제이스텍,090470
895,제일바이오,052670
896,젬백스지오,041590
897,조이맥스,101730
898,줌인터넷,239340
899,지니뮤직,043610
900,지니언스,263860
901,지란지교시큐리티,208350
902,지스마트글로벌,114570
903,지티지웰니스,219750
904,참좋은여행,094850
905,천보,278280
906,초록뱀,047820
907,컴투스,078340
908,케이비제19호스팩,330990
909,케이씨피드,025880
910,케이엔더블유,105330
911,코너스톤네트웍스,033110
912,코데즈컴바인,047770
913,코메론,049430
914,코미팜,041960
915,코아시아,045970
916,코오롱생명과학,102940
917,코웰패션,033290
918,코위버,056360
919,큐브엔터,182360
920,크로바하이텍,043590
921,크리스탈지노믹스,083790
922,클리오,237880
923,키움제5호스팩,311270
924,테고사이언스,191420
925,테라사이언스,073640
926,테라젠이텍스,066700
927,테스나,131970
928,티에스아이,277880
929,파루,043200
930,파멥신,208340
931,파수,150900
932,파워로직스,047310
933,파인디지털,038950
934,팬엔터테인먼트,068050
935,펄어비스,263750
936,펌텍코리아,251970
937,풍강,093380
938,플레이디,237820
939,피에스텍,002230
940,핌스,347770
941,하나마이크론,067310
942,한국경제TV,039340
943,한국바이오젠,318000
944,한국비엔씨,256840
945,한국아트라스비엑스,023890
946,한국알콜,017890
947,한국정보인증,053300
948,한국정보통신,025770
949,한국팩키지,037230
950,한글과컴퓨터,030520
951,한일단조,024740
952,한컴위드,054920
953,한탑,002680
954,현진소재,053660
955,형지I&C,011080
956,휴네시온,290270
957,휴맥스홀딩스,028080
958,흥국에프엔비,189980
959,KC산업,112190
960,구스앤홈,329050
961,노드메이슨,317860
962,대주이엔티,114920
963,디피코,163430
964,래몽래인,200350
965,로보쓰리,238500
966,미애부,225850
967,바이오시네틱스,281310
968,바이오인프라생명과학,266470
969,비플라이소프트,148780
970,썬테크,217320
971,앙츠,267810
972,에이치엔에스하이텍,044990
973,오션스톤,329020
974,이노벡스,279060
975,테크엔,308700
976,테크트랜스,258050
977,티케이씨,191600
978,틸론,217880
979,휴럼,284420
980,KB캐피탈,021960
981,LG금속,000170
982,갑을,009840
983,경남은행,192520
984,경성전기,028740
985,계몽사,011840
986,고려증권,002730
987,고합물산,007380
988,국민은행,060000
989,금강산업,028970
990,금성기전,007230
991,금성통신,006270
992,기온물산,028510
993,다산리츠,105380
994,다함이텍,009280
995,대구종금,014390
996,대신불펀드일,036390
997,대아리드선,009940
998,대우정밀공업,015730
999,대한염업,028890
1000,동국전자,012220
1001,동산씨앤지,001400
1002,동서호라이즌증권,001090
1003,동신,012270
1004,동화은행,021310
1005,두산건설,011160
1006,두산백화,000330
1007,두산테크팩,001690
1008,레이디,025840
1009,리젠트종금,015650
1010,리젠트화재보험,001030
1011,마이크로닉스,001190
1012,만도기계,005790
1013,미우,009990
1014,바다로3호,092630
1015,반도목재,029250
1016,벽산건설,002530
1017,부산은행,005280
1018,부흥,003930
1019,산은캐피탈,008270
1020,삼도물산,002930
1021,삼양종금,014450
1022,삼익주택,005580
1023,삼화프라스틱,028950
1024,새한종금,011960
1025,서울저축은행,016560
1026,선진지주,014300
1027,스타리스,018020
1028,신광기업,001580
1029,신동방CP,004660
1030,신원제이엠씨,001160
1031,신한종금,016350
1032,신한카드,032710
1033,아시아5호,082240
1034,아이넥스,008440
1035,양우화학공업,028590
1036,우단,016260
1037,울산실업,029100
1038,장인환1호,036870
1039,중원전자,028610
1040,청구,011510
1041,코크렙1호부동산투자,067910
1042,태양이앤테크,013070
1043,태창목재공업,029140
1044,태평양제약,016570
1045,평산차업,950010
1046,플래티넘2호,034850
1047,피어리스,002130
1048,하나니켈1호,099340
1049,한국고덴시,027840
1050,한국물산,011820
1051,한국씨티은행,016830
1052,한국주택은행,027460
1053,한메NS,006150
1054,한스종금,012710
1055,한화갤러리아타임월드,027390
1056,현대푸드,114410
1057,환영철강공업,012670
1058,CJ엔터테인,049370
1059,IC코퍼레이션,080570
1060,KNS홀딩스,036760
1061,KTB더블채권1-MF,045800
1062,KTB전환형41,038760
1063,SK브로드밴드,033630
1064,교보그로쓰,035970
1065,국제엘렉트릭,053740
1066,그로웰전자,009220
1067,그로웰텔레콤,035780
1068,글로벌하이1,038770
1069,금성제관,018840
1070,남송개발,006000
1071,네스테크,037540
1072,넥스지,081970
1073,넥스콘테크,038990
1074,다임알짜1호-MF,050350
1075,단성일렉트론,085990
1076,대선조선,031990
1077,대전금고,006300
1078,더존디지털,045380
1079,동미전기,008330
1080,디에스피,016040
1081,디이시스,053200
1082,마이다스30,043040
1083,마이다스페셜,039540
1084,마이다스하이테크성장,036400
1085,마이스코,088700
1086,마인,039500
1087,미래에셋대우스팩1호,265480
1088,미래에셋드림펀드,034820
1089,미래에셋실크로드이호,035310
1090,미래코리아1,042950
1091,바이오빌,065940
1092,바이오시스,035960
1093,벤처코스닥,038280
1094,보광티에스,066690
1095,부산저축은행,007830
1096,브이에스에스티,035400
1097,삼성투신증권,022060
1098,삼성프라임성장형뮤추,035530
1099,삼주건설,025150
1100,세계투어,047600
1101,세림아이텍,033040
1102,세미텍,081220
1103,세아메탈,033020
1104,세원텔레콤,036910
1105,스타맥스,017050
1106,스톰이앤에프,043680
1107,신중앙금고,007990
1108,신한종합비료,019230
1109,쓰리디월드,065340
1110,씨앤케이인터,039530
1111,아이디에스,078780
1112,알바트로스3,036780
1113,에듀언스,009010
1114,에버리소스,020070
1115,에스이아이주,035940
1116,에스티씨라이프,026220
1117,에이스앤파트너스,032930
1118,에피밸리,068630
1119,엔에스브이,095300
1120,엔에이치SL스팩,207720
1121,엔플렉스,040130
1122,엘리트1호,037670
1123,엘앤씨피,015390
1124,엘티삼보,011870
1125,와이즈파워,040670
1126,월드그랜드1,038020
1127,윌텍정보통신,039390
1128,유에이블,071530
1129,유퍼트,060670
1130,이수세라믹,032180
1131,일공공일안경,032030
1132,자강,036790
1133,제너비오믹스,017010
1134,케이이엔지,077960
1135,코어비트,056850
1136,코웰이홀딩스,900020
1137,콜마파마,038710
1138,쿠첸,225650
1139,태영텔스타,060840
1140,테라리소스,053320
1141,토자이홀딩스,037700
1142,투미비티,058900
1143,파이오니어,035030
1144,퓨쳐비젼,042570
1145,프로비타,014420
1146,플래티넘이천,039520
1147,하나에프앤아이,025080
1148,하우리,049130
1149,현대멀티캡,035910
1150,협화,007840
1151,화림모드,045920
1152,본느,242420
1153,세신버팔로,110660
1154,솔트웍스,222520
1155,알로이스,271400
1156,유쎌,252370
1157,자원메디칼,181980
1158,정다운,224090
1159,카이노스메드,220250
1160,케미메디,205290
1161,케이엠제약,237720
1162,포인트엔지니어링,176560
1163,BGF리테일,282330
1164,BNK금융지주,138930
1165,CJ제일제당,097950
1166,DRB동일,004840
1167,GS건설,006360
1168,HDC아이콘트롤스,039570
1169,KPX케미칼,025000
1170,KPX홀딩스,092230
1171,KTis,058860
1172,LG상사,001120
1173,MH에탄올,023150
1174,SBS,034120
1175,SBS미디어홀딩스,101060
1176,SK텔레콤,017670
1177,강원랜드,035250
1178,교보증권,030610
1179,국제약품,002720
1180,금양,001570
1181,남해화학,025860
1182,넥센타이어,002350
1183,녹십자홀딩스,005250
1184,농심홀딩스,072710
1185,다스코,058730
1186,대림건설,001880
1187,대웅제약,069620
1188,더존비즈온,012510
1189,동방아그로,007590
1190,동서,026960
1191,동성코퍼레이션,102260
1192,동양,001520
1193,동양생명,082640
1194,동원산업,006040
1195,두산퓨얼셀,336260
1196,디아이,003160
1197,디와이,013570
1198,디피씨,026890
1199,롯데정밀화학,004000
1200,맥쿼리인프라,088980
1201,메타랩스,090370
1202,명문제약,017180
1203,모토닉,009680
1204,미래에셋맵스리츠,357250
1205,미원화학,134380
1206,범양건영,002410
1207,베트남개발1,096300
1208,빙그레,005180
1209,삼성에스디에스,018260
1210,삼성증권,016360
1211,삼성카드,029780
1212,삼양통상,002170
1213,삼영무역,002810
1214,삼정펄프,009770
1215,샘표식품,248170
1216,서연이화,200880
1217,성보화학,003080
1218,세아제강,306200
1219,센트랄모텍,308170
1220,송원산업,004430
1221,신성이엔지,011930
1222,신세계인터내셔날,031430
1223,신세계푸드,031440
1224,신화실업,001770
1225,씨아이테크,004920
1226,아세아시멘트,183190
1227,애경산업,018250
1228,에이플러스에셋,244920
1229,엔에이치엔,181710
1230,유니켐,011330
1231,유화증권,003460
1232,이구산업,025820
1233,이월드,084680
1234,일성신약,003120
1235,제이에스코퍼레이션,194370
1236,제이준코스메틱,025620
1237,조비,001550
1238,조선선재,120030
1239,종근당바이오,063160
1240,진양화학,051630
1241,케이탑리츠,145270
1242,코람코에너지리츠,357120
1243,코스모신소재,005070
1244,코웨이,021240
1245,쿠쿠홈시스,284740
1246,키위미디어그룹,012170
1247,태평양물산,007980
1248,테이팩스,055490
1249,텔코웨어,078000
1250,티와이홀딩스,363280
1251,팜스코,036580
1252,퍼시스,016800
1253,포스코케미칼,003670
1254,풍산홀딩스,005810
1255,하이스틸,071090
1256,하이트진로,000080
1257,한국석유공업,004090
1258,한국수출포장공업,002200
1259,한국자산신탁,123890
1260,한국주강,025890
1261,한국콜마홀딩스,024720
1262,한국테크놀로지그룹,000240
1263,한미사이언스,008930
1264,한샘,009240
1265,한솔홀딩스,004150
1266,한신기계공업,011700
1267,한화,000880
1268,한화에어로스페이스,012450
1269,현대자동차,005380
1270,현대퓨처넷,126560
1271,효성 ITX,094280
1272,휴니드테크놀러지스,005870
1273,DB금융스팩7호,322780
1274,EMW,079190
1275,IBKS제10호스팩,299170
1276,JTC,950170
1277,KCC건설,021320
1278,KCI,036670
1279,KD,044180
1280,KG ETS,151860
1281,KG모빌리언스,046440
1282,KMH,122450
1283,NEW,160550
1284,SBI핀테크솔루션즈,950110
1285,SGA솔루션즈,184230
1286,SM Life Design,063440
1287,W홀딩컴퍼니,052300
1288,교보9호스팩,331520
1289,나노신소재,121600
1290,나인테크,267320
1291,네패스아크,330860
1292,넥스트아이,137940
1293,넥슨지티,041140
1294,노터스,278650
1295,누리플랜,069140
1296,뉴프라이드,900100
1297,다산네트웍스,039560
1298,다원시스,068240
1299,대명소노시즌,007720
1300,대성미생물,036480
1301,대신밸런스제6호스팩,307750
1302,대원산업,005710
1303,대한그린파워,060900
1304,덕신하우징,090410
1305,데일리블록체인,139050
1306,덴티스,261200
1307,동신건설,025950
1308,동일기연,032960
1309,듀오백,073190
1310,디지아이,043360
1311,디지털대성,068930
1312,디티앤씨,187220
1313,라이브플렉스,050120
1314,램테크놀러지,171010
1315,레고켐바이오,141080
1316,로보스타,090360
1317,리드코프,012700
1318,메디콕스,054180
1319,메디포스트,078160
1320,바이브컴퍼니,301300
1321,바이오니아,064550
1322,베뉴지,019010
1323,베셀,177350
1324,보라티알,250000
1325,부방,014470
1326,브리지텍,064480
1327,비디아이,148140
1328,삼진엘앤디,054090
1329,삼천리자전거,024950
1330,삼현철강,017480
1331,상아프론테크,089980
1332,서산,079650
1333,서진오토모티브,122690
1334,성우테크론,045300
1335,세운메디칼,100700
1336,세종텔레콤,036630
1337,솔고바이오,043100
1338,솔본,035610
1339,수산아이앤티,050960
1340,슈펙스비앤피,058530
1341,슈피겐코리아,192440
1342,스카이이앤엠,131100
1343,시공테크,020710
1344,시그네틱스,033170
1345,시큐브,131090
1346,신도기연,290520
1347,신테카바이오,226330
1348,신한제5호스팩,323230
1349,실리콘웍스,108320
1350,쎄노텍,222420
1351,쎄미시스코,136510
1352,쎄트렉아이,099320
1353,씨엠에스에듀,225330
1354,씨큐브,101240
1355,아비코전자,036010
1356,아이디피,332370
1357,아이엠이연이,090740
1358,아진산업,013310
1359,아프리카TV,067160
1360,알티캐스트,085810
1361,애니젠,196300
1362,액션스퀘어,205500
1363,앤디포스,238090
1364,앱클론,174900
1365,에스앤더블류,103230
1366,에스와이,109610
1367,에스트래픽,234300
1368,에스퓨얼셀,288620
1369,에이디칩스,054630
1370,에이비엘바이오,298380
1371,에이스침대,003800
1372,에이스토리,241840
1373,에이치시티,072990
1374,에이텍티앤,224110
1375,엑셈,205100
1376,엑스큐어,070300
1377,엔브이에이치코리아,067570
1378,엔지켐생명과학,183490
1379,엔케이맥스,182400
1380,엔텔스,069410
1381,엘디티,096870
1382,엘컴텍,037950
1383,연우,115960
1384,영림원소프트랩,060850
1385,예스티,122640
1386,오스테오닉,226400
1387,오텍,067170
1388,와이즈버즈,273060
1389,원익머트리얼즈,104830
1390,원익홀딩스,030530
1391,원풍,008370
1392,웹젠,069080
1393,위닉스,044340
1394,위메이드,112040
1395,유비벨록스,089850
1396,유비쿼스,264450
1397,유안타제4호스팩,313750
1398,유진테크,084370
1399,이건홀딩스,039020
1400,이노와이어리스,073490
1401,이녹스첨단소재,272290
1402,이랜텍,054210
1403,이미지스,115610
1404,이수앱지스,086890
1405,인산가,277410
1406,인성정보,033230
1407,인탑스,049070
1408,인터파크,035080
1409,재영솔루텍,049630
1410,제낙스,065620
1411,제이티,089790
1412,진바이오텍,086060
1413,진성티이씨,036890
1414,카이노스메드,284620
1415,캐리소프트,317530
1416,캔서롭,180400
1417,캠시스,050110
1418,케이비제18호스팩,323940
1419,케이엠더블유,032500
1420,케이피에프,024880
1421,코닉글로리,094860
1422,코드네이처,078940
1423,코리아에셋투자증권,190650
1424,코미코,183300
1425,코이즈,121850
1426,큐브앤컴퍼니,043090
1427,키이스트,054780
1428,탑엔지니어링,065130
1429,태웅로직스,124560
1430,텔콘RF제약,200230
1431,토비스,051360
1432,티라유텍,322180
1433,티씨케이,064760
1434,파라다이스,034230
1435,파버나인,177830
1436,파워넷,037030
1437,팍스넷,038160
1438,프로텍,053610
1439,피에스케이,319660
1440,피엔티,137400
1441,픽셀플러스,087600
1442,필옵틱스,161580
1443,하나금융14호스팩,332710
1444,하나금융16호스팩,343510
1445,하나기술,299030
1446,하이제4호스팩,317240
1447,한국제7호스팩,291210
1448,한국캐피탈,023760
1449,한류타임즈,039670
1450,한일네트웍스,046110
1451,해마로푸드서비스,220630
1452,희림,037440
1453,단디바이오,343090
1454,도부마스크,227420
1455,럭스피아,092590
1456,무진메디,322970
1457,바이오프로테크,199290
1458,씨앤에스링크,245450
1459,엄지하우스,224810
1460,에스제이켐,217910
1461,엠에프엠코리아,251960
1462,이십일스토어,270020
1463,이엠티,232530
1464,인카금융서비스,211050
1465,태양기계,116100
1466,피엔아이컴퍼니,242350
1467,한중엔시에스,107640
1468,GPS,014040
1469,KTF,032390
1470,LG정보통신,011650
1471,NH농협증권,016420
1472,강원은행,006590
1473,거성산업,008100
1474,경기은행,006320
1475,극동필트론,028910
1476,금성유업,028840
1477,금하방직,007790
1478,나우정밀,015340
1479,남선전기,028730
1480,대창건설,029090
1481,동북아27호,089170
1482,동북아30호,089200
1483,동성판유리,028850
1484,동신제지,016430
1485,동양건설,005900
1486,동양밸류스팩,122290
1487,두산기계,005040
1488,두산음료,004600
1489,맥쿼리센트럴,076850
1490,모토조이,008120
1491,미래에셋증권,037620
1492,사조해표,079660
1493,삼성반도체통신,028420
1494,삼화,028440
1495,서통화학,029050
1496,석락산업,029070
1497,센추리,006750
1498,셰프라인,012250
1499,수도극장,028720
1500,신강제지,019380
1501,신한인터내쇼날,012300
1502,신한전자,008650
1503,쌍용제지,005100
1504,아시아2호,081190
1505,엔케이텔레콤,003290
1506,영태전자공업,028530
1507,오리온전기,004390
1508,우리은행,000030
1509,우아미,015550
1510,유니온스틸,003640
1511,이트로닉스,013090
1512,장은증권,001170
1513,제일스레트공업,028830
1514,천지산업,001490
1515,케이와이씨,009400
1516,케이피케미칼,064420
1517,코리아02호,090980
1518,코오롱아이넷,022520
1519,코오롱포리에스타,029020
1520,태영판지공업,011940
1521,퍼시픽글라스,009080
1522,포스닉,008480
1523,풀무원식품,103160
1524,한강기금,036060
1525,한국기술산업,008320
1526,한국벨트,000840
1527,한국증권금융,028820
1528,한국프라스틱공업,028430
1529,한국합섬,025830
1530,한독맥주,028880
1531,한별텔레콤,016550
1532,한보철강공업,001920
1533,한외종금,014150
1534,현대금속,018410
1535,호남비료,028790
1536,KCW,068060
1537,KEPS,046810
1538,KTB벤처1-MF,038370
1539,LG마이크론,016990
1540,MTRON,046320
1541,SSCP,071660
1542,UC아이콜스,065810
1543,VK,048760
1544,강남화성,007140
1545,교하산업,013850
1546,글로벌파워,064910
1547,금강제강,105070
1548,나이스메탈,072530
1549,다산씨앤아이,037200
1550,대구리스금융,025090
1551,대륭산업,027610
1552,대주코레스,008340
1553,대진동관공업,014210
1554,대한바이오링크,041500
1555,더체인지,054120
1556,동서정보기술,055000
1557,동호전기,022510
1558,디보스,080140
1559,디에스,051710
1560,디에이치패션,045260
1561,라인건설,017620
1562,리드,197210
1563,리젠트빅히트,039270
1564,마이다스전이,038310
1565,마이다스차익,048660
1566,마이다스테2,039050
1567,모라리소스,018890
1568,미디어코프,053890
1569,미래셀렉티브-MF,052540
1570,미래알바1,044410
1571,미래에셋이글사호펀드,034570
1572,미래에셋이글삼호펀드,034560
1573,미래하이1호,038580
1574,미래한아름1-MF,044890
1575,범양사,002480
1576,보성건설,018230
1577,보홍,041320
1578,사이버패스,063280
1579,삼산,012010
1580,삼우이엠씨,026250
1581,삼천전기,008920
1582,세이우량채권,044240
1583,세이플러스혼합형펀드,051070
1584,솔빛미디어,044440
1585,슈마,056500
1586,신신상사,012360
1587,쌈지,033260
1588,써미트,039000
1589,썬텍,122800
1590,씨엘인터내셔널,037340
1591,씨티엘테크,088960
1592,아시아미디어홀딩스,052810
1593,아이레보,072430
1594,알덱스,025970
1595,알바트로스 4,037180
1596,에듀아크,046350
1597,에스디,066930
1598,에스에스컴텍,036500
1599,에스에프씨,112240
1600,에스이아이채,035930
1601,에이스하이텍,071930
1602,엑스씨이,081500
1603,엑큐리스,048460
1604,엔스퍼트,098400
1605,엠텍반도체,054440
1606,엠텍비젼,074000
1607,영진코퍼레이션,053330
1608,우주건설,002190
1609,우풍금고,016620
1610,울트라건설,004320
1611,월드그랜드2,039160
1612,월드텔레콤,047610
1613,유니드코리아,110500
1614,유산실업,015910
1615,이엘케이,094190
1616,인젠,041630
1617,제이콤,060750
1618,주화산업,017740
1619,중앙금고,025220
1620,지니웍스,036600
1621,지앤디윈텍,061050
1622,지오엠씨,033030
1623,카인드웨어서울,032970
1624,케이알,035950
1625,케이티비스팩1호,204650
1626,코리아링크,037410
1627,코아에스앤아이,052350
1628,타임,046930
1629,태광이엔시,048140
1630,테이크시스템,076090
1631,테크메이트,043690
1632,텔슨전자,027350
1633,트레이스,052290
1634,포넷,048270
1635,폴리플러스,065610
1636,프리젠,060910
1637,플러스2호,035160
1638,하이프로증권투자회사,034920
1639,한국금고,006540
1640,한국대아진공,029470
1641,한빛세이프티이호증권,034440
1642,한빛세이프티일호증권,034430
1643,한양철강,026930
1644,한진피앤씨,061460
1645,SY이노베이션,194860
1646,세기리텍,199870
1647,세종머티리얼즈,135270
1648,씨아이에스,144630
1649,지성이씨에스,138290
1650,테라텍,151750
1651,패션플랫폼,256090
1652,CJ대한통운,000120
1653,DSR제강,069730
1654,GKL,114090
1655,JW중외제약,001060
1656,KSS해운,044450
1657,LF,093050
1658,LG하우시스,108670
1659,LG화학,051910
1660,LIG넥스원,079550
1661,LS,006260
1662,NAVER,035420
1663,NICE,034310
1664,NI스틸,008260
1665,SGC에너지,005090
1666,SH에너지화학,002360
1667,SK증권,001510
1668,SK하이닉스,000660
1669,경인양행,012610
1670,경인전자,009140
1671,국보,001140
1672,기신정기,092440
1673,녹십자,006280
1674,대교,019680
1675,대동전자,008110
1676,대림비앤코,005750
1677,대양금속,009190
1678,대창,012800
1679,동국제강,001230
1680,동양물산기업,002900
1681,동화약품,000020
1682,두산솔루스,336370
1683,두산중공업,034020
1684,디아이동일,001530
1685,디아이씨,092200
1686,롯데관광개발,032350
1687,롯데케미칼,011170
1688,맵스리얼티1,094800
1689,무학,033920
1690,미래아이앤지,007120
1691,바다로19호,155900
1692,부산주공,005030
1693,빅히트,352820
1694,사조씨푸드,014710
1695,삼성물산,028260
1696,삼성바이오로직스,207940
1697,삼성전자,005930
1698,삼성제약,001360
1699,삼원강재,023000
1700,삼익THK,004380
1701,삼일제약,000520
1702,삼진제약,005500
1703,삼화왕관,004450
1704,서연,007860
1705,선창산업,002820
1706,성신양회,004980
1707,세기상사,002420
1708,세아특수강,019440
1709,세우글로벌,013000
1710,세원정공,021820
1711,세진중공업,075580
1712,세화아이엠씨,145210
1713,셀트리온,068270
1714,신라교역,004970
1715,신성통상,005390
1716,신세계,004170
1717,아모레퍼시픽,090430
1718,아세아,002030
1719,아이에스동서,010780
1720,에스제이엠,123700
1721,에이리츠,140910
1722,에이엔피,015260
1723,엔에스쇼핑,138250
1724,엔케이,085310
1725,엔피씨,004250
1726,영원무역,111770
1727,영원무역홀딩스,009970
1728,우리들휴브레인,118000
1729,우신시스템,017370
1730,우진,105840
1731,우진플라임,049800
1732,유니드,014830
1733,유진증권,001200
1734,이건산업,008250
1735,이노션,214320
1736,이연제약,102460
1737,인스코비,006490
1738,잇츠한불,226320
1739,조광페인트,004910
1740,조선내화,000480
1741,지누스,013890
1742,진에어,272450
1743,참엔지니어링,009310
1744,케이씨씨글라스,344820
1745,코리아오토글라스,152330
1746,코오롱글로벌,003070
1747,키움증권,039490
1748,토니모리,214420
1749,포스코,005490
1750,폴루스바이오팜,007630
1751,하나제약,293480
1752,한국쉘석유,002960
1753,한국철강,104700
1754,한국화장품제조,003350
1755,한미글로벌,053690
1756,한솔피엔에스,010420
1757,한양증권,001750
1758,한진중공업,097230
1759,한진중공업홀딩스,003480
1760,현대일렉트릭,267260
1761,현대제철,004020
1762,황금에스티,032560
1763,DSC인베스트먼트,241520
1764,NHN벅스,104200
1765,SDN,099220
1766,SK4호스팩,307070
1767,SKC 솔믹스,057500
1768,SK머티리얼즈,036490
1769,SNK,950180
1770,WI,073570
1771,가비아,079940
1772,경남스틸,039240
1773,고바이오랩,348150
1774,국일신동,060480
1775,글로벌텍스프리,204620
1776,글로본,019660
1777,나노,187790
1778,네오셈,253590
1779,네오위즈홀딩스,042420
1780,네이블커뮤니케이션즈,153460
1781,넥스트BT,065170
1782,대신밸런스제7호스팩,332290
1783,대양전기공업,108380
1784,대원,007680
1785,대한뉴팜,054670
1786,덕산테코피아,317330
1787,덕산하이메탈,077360
1788,동국제약,086450
1789,동진쎄미켐,005290
1790,디바이스이엔지,187870
1791,디알젬,263690
1792,디에스티,033430
1793,라이브파이낸셜,036170
1794,라이온켐텍,171120
1795,레이크머티리얼즈,281740
1796,로지시스,067730
1797,릭스솔루션,029480
1798,링네트,042500
1799,마이크로프랜드,147760
1800,메가스터디교육,215200
1801,모헨즈,006920
1802,민앤지,214180
1803,바른손이앤에이,035620
1804,바이온,032980
1805,베노홀딩스,206400
1806,비보존 헬스케어,082800
1807,비에이치아이,083650
1808,새로닉스,042600
1809,서연탑메탈,019770
1810,서울반도체,046890
1811,서울전자통신,027040
1812,서원인텍,093920
1813,선데이토즈,123420
1814,성호전자,043260
1815,센코,347000
1816,슈프리마에이치큐,094840
1817,스타플렉스,115570
1818,시노펙스,025320
1819,신원종합개발,017000
1820,신흥에스이씨,243840
1821,씨앤지하이테크,264660
1822,씨티씨바이오,060590
1823,아스타,246720
1824,아우딘퓨쳐스,227610
1825,아이엘사이언스,307180
1826,아이진,185490
1827,아이큐어,175250
1828,아이크래프트,052460
1829,안트로젠,065660
1830,알에스오토메이션,140670
1831,에스디생명공학,217480
1832,에스씨엠생명과학,298060
1833,에스앤씨엔진그룹,900080
1834,에스텍파마,041910
1835,에이스테크,088800
1836,에이치엔티,176440
1837,에이치엘사이언스,239610
1838,에이치엠씨제4호스팩,353070
1839,에이티세미콘,089530
1840,에이팩트,200470
1841,에이프로젠 H&G,109960
1842,에코플라스틱,038110
1843,엑사이엔씨,054940
1844,엔에스,217820
1845,엔에스엔,031860
1846,엔지스테크널러지,208860
1847,엔피디,198080
1848,엘아이에스,138690
1849,엘오티베큠,083310
1850,엠브레인,169330
1851,엠투아이,347890
1852,엠플러스,259630
1853,예스24,053280
1854,오가닉티코스메틱,900300
1855,옵트론텍,082210
1856,옵티팜,153710
1857,와이솔,122990
1858,와이아이케이,232140
1859,우노앤컴퍼니,114630
1860,우리산업홀딩스,072470
1861,우림기계,101170
1862,우양,103840
1863,우진비앤지,018620
1864,원익,032940
1865,유성티엔에스,024800
1866,유에스티,263770
1867,이노인스트루먼트,215790
1868,이루온,065440
1869,이엘피,063760
1870,이지홀딩스,035810
1871,이트론,096040
1872,인터플렉스,051370
1873,전파기지국,065530
1874,제너셈,217190
1875,제넥신,095700
1876,제넨바이오,072520
1877,제노레이,122310
1878,제로투세븐,159580
1879,제룡전기,033100
1880,제이씨현시스템,033320
1881,조광ILI,044060
1882,칩스앤미디어,094360
1883,컴퍼니케이,307930
1884,케이사인,192250
1885,케이씨에스,115500
1886,케이아이엔엑스,093320
1887,켐온,217600
1888,코맥스,036690
1889,코세스,089890
1890,코스메카코리아,241710
1891,코엔텍,029960
1892,코텍,052330
1893,콜마비앤에이치,200130
1894,큐캐피탈,016600
1895,타이거일렉,219130
1896,티로보틱스,117730
1897,티앤엘,340570
1898,파마리서치프로덕트,214450
1899,파인디앤씨,049120
1900,파인텍,131760
1901,펩트론,087010
1902,포스링크,056730
1903,풍국주정,023900
1904,퓨쳐스트림네트웍스,214270
1905,퓨쳐켐,220100
1906,피씨디렉트,051380
1907,피에스케이홀딩스,031980
1908,피플바이오,304840
1909,하이로닉,149980
1910,하이소닉,106080
1911,한국유니온제약,080720
1912,한국전자금융,063570
1913,한국컴퓨터,054040
1914,한국테크놀로지,053590
1915,한일사료,005860
1916,헝셩그룹,900270
1917,화일약품,061250
1918,효성오앤비,097870
1919,휴온스,243070
1920,휴젤,145020
1921,메디쎄이,200580
1922,바이오코아,216400
1923,바이옵트로,222160
1924,빅텐츠,210120
1925,씨알푸드,236030
1926,씨이랩,189330
1927,아퓨어스,149300
1928,안지오랩,251280
1929,엔에스컴퍼니,224760
1930,엘에이티,311060
1931,위월드,140660
1932,유비온,084440
1933,지오씨,135160
1934,피노텍,150440
1935,GBS,076170
1936,KB손해보험,002550
1937,KB증권,003450
1938,KNC,018590
1939,LGEI,002610
1940,LG파워콤,045820
1941,SBI모기지,950100
1942,SEI에셋,034770
1943,강원산업,000900
1944,거북선7호,134000
1945,건설산업,029000
1946,경남기업,000800
1947,경남은행,006610
1948,경향건설,002050
1949,고려석유화학,021170
1950,고려시멘트,003660
1951,광주고속,028800
1952,금경,015980
1953,금성전기,029260
1954,나이키스포츠,028630
1955,대우통신,005060
1956,대진해운,028920
1957,동방화공,004290
1958,동북아15호,084240
1959,동북아29호,089190
1960,동북아5호,080980
1961,동성,002470
1962,동신제약,006600
1963,동아정기,012760
1964,맥슨텔레콤,009890
1965,메리츠종금,012420
1966,미원,002440
1967,백산전자,028600
1968,보고산업,029130
1969,봉신,005350
1970,삼미광업개발,029190
1971,삼성건설,002010
1972,삼성디지털이미징,108070
1973,삼익건설,002180
1974,삼환기업,000360
1975,서광건설산업,001600
1976,성원건설,012090
1977,성화,004610
1978,세신,004230
1979,솔로몬저축은행,007800
1980,신성에프에이,104120
1981,신진자동차판매,028870
1982,신한금융투자,008670
1983,신한증권,003320
1984,쌍용종금,014490
1985,아세아페이퍼텍,009380
1986,아시아8호,081930
1987,알보젠코리아,002250
1988,영진테크,012470
1989,영창악기제조,001890
1990,외환신용카드,038400
1991,우창건설,029240
1992,율산실업,029980
1993,이코리아리츠,138440
1994,인성기연,028620
1995,인켈,006510
1996,인터피온반도체,014010
1997,일진,010510
1998,일화모직공업,001590
1999,진흥저축은행,007200
2000,케드콤,011050
2001,코리아07호,099210
2002,코원에너지서비스,026870
2003,코크렙8호,090540
2004,트윈스비전일,034840
2005,파브코,101990
2006,풍림산업,001310
2007,플러스1호,034990
2008,하나은행,004940
2009,한국유리공업,002000
2010,한국전기초자,009720
2011,한국종금,011260
2012,한라시멘트,012910
2013,훈영,017170
2014,휴리프,006210
2015,GT&T,053870
2016,HK저축은행,007640
2017,KTB전환32,044400
2018,국정교과서,024930
2019,그린기술투자,025340
2020,그린에셋일호,045080
2021,금강정공,022770
2022,나노트로닉스,010670
2023,남신,008680
2024,네오리소스,058550
2025,네오세미테크,089240
2026,네오퍼플,028090
2027,네프로아이티,950030
2028,녹십자의공,014660
2029,뉴씨앤씨,045240
2030,다임마이스터전환형일,036430
2031,대신밸런스제4호스팩,262830
2032,데코앤이,017680
2033,동방금고,008410
2034,동산진흥,031960
2035,디씨씨,034750
2036,디아이디,074130
2037,디패션,030420
2038,렉스엘이앤지,004790
2039,로보트보일러,010920
2040,리젠트프로1,037430
2041,리타워텍,020860
2042,마이다스전환형일호펀,036040
2043,맥스브로,088810
2044,모다,149940
2045,미래아이티3,040940
2046,미래에셋드림삼호펀드,035330
2047,미래에셋스팩1호,121950
2048,미래에셋이글일호펀드,034450
2049,미리넷,056710
2050,박현주드림칠호자산배,035790
2051,박현주자산1,037490
2052,블루멈,033880
2053,블루스톤,033720
2054,비앤비성원,015200
2055,비전하이테크,015050
2056,삼경정밀,013320
2057,삼화기연,033210
2058,삼화정밀,021220
2059,샤인시스템,066300
2060,서울가든,011520
2061,성담,003860
2062,성진산업,037650
2063,세라온,050600
2064,세본금속,020620
2065,시스컴,037280
2066,신림종합건설,014270
2067,신우산업기기,016310
2068,신한에스아이티,054530
2069,신한제3호스팩,257730
2070,실크자산3,037040
2071,써니트렌드,035500
2072,아이알디,084810
2073,아이이,023430
2074,아이텍스필,008030
2075,아인스M&M,040740
2076,어울림정보,038320
2077,에스비엠,037630
2078,에스씨옵티콤,014090
2079,에스오케이,032610
2080,에스피컴텍,039110
2081,에어로시스템,018740
2082,에이스디지텍,036550
2083,엔에스아이,053250
2084,엠엔에프씨,048640
2085,올에버,034970
2086,우수씨엔에스,060550
2087,우양에이치씨,101970
2088,우영,012460
2089,위너지스,026260
2090,유천건설,016230
2091,이룸지엔지,050640
2092,인스프리트,073130
2093,자유건설,001990
2094,정일이엔씨,010810
2095,제이엠피,054790
2096,주은리스,030970
2097,지앤에스티,036920
2098,징기스칸1호,039170
2099,카리스소프트,024080
2100,케이비제9호스팩,232270
2101,코아정보,039990
2102,크롭사이언스,000870
2103,크린3호,045870
2104,크린4호,049850
2105,태산엘시디,036210
2106,태창파로스,039850
2107,프라임저축은행,008170
2108,플러스3호,035410
2109,피앤텔,054340
2110,피엘에이,082390
2111,피케이엘,039870
2112,하이켐,021660
2113,하이콤,048540
2114,한국산업투자,019530
2115,한빛방송,043890
2116,한서금고,023580
2117,한서제약,044070
2118,한신코퍼,037120
2119,한텔,041940
2120,핸디소프트,032380
2121,형진건설,006520
2122,혜성테푸,006860
2123,후야인포넷,032050
2124,휴먼텍코리아,066060
2125,LPK로보틱스,183350
2126,드림티엔터테인먼트,220110
2127,디피앤케이,189700
2128,미래자원엠엘,233190
2129,비엔에프코퍼레이션,271780
2130,씨티네트웍스,189540
2131,에스엠로보틱스,252940
2132,에이치앤아이,103650
2133,웹솔루스,160350
2134,이푸른,185280
2135,줌인터넷,229480
2136,태경피엔에스,235090
2137,판타지오,187770
2138,한주금속,198940
2139,AJ네트웍스,095570
2140,AK홀딩스,006840
2141,CJ,001040
2142,CJ씨푸드,011150
2143,DB금융투자,016610
2144,DGB금융지주,139130
2145,E1,017940
2146,F&F,007700
2147,KC코트렐,119650
2148,KEC,092220
2149,KISCO홀딩스,001940
2150,LG,003550
2151,LG디스플레이,034220
2152,LS전선아시아,229640
2153,NH프라임리츠,338100
2154,S&T중공업,003570
2155,S&T홀딩스,036530
2156,S-Oil,010950
2157,SK네트웍스,001740
2158,SK케미칼,285130
2159,경동인베스트,012320
2160,계룡건설산업,013580
2161,국동,005320
2162,남양유업,003920
2163,노루페인트,090350
2164,대상,001680
2165,대성홀딩스,016710
2166,대한제강,084010
2167,대호에이엘,069460
2168,덕성,004830
2169,덴티움,145720
2170,동원F&B,049770
2171,롯데제과,280360
2172,만호제강,001080
2173,모나미,005360
2174,문배철강,008420
2175,미창석유공업,003650
2176,백광산업,001340
2177,벽산,007210
2178,부국철강,026940
2179,부산도시가스,015350
2180,비비안,002070
2181,비상교육,100220
2182,비케이탑스,030790
2183,사조산업,007160
2184,삼부토건,001470
2185,삼성공조,006660
2186,삼성생명,032830
2187,삼성전기,009150
2188,삼양사,145990
2189,삼양패키징,272550
2190,삼일씨엔에스,004440
2191,삼화전기,009470
2192,샘표,007540
2193,서흥,008490
2194,세하,027970
2195,수산중공업,017550
2196,신세계I&C,035510
2197,신세계건설,034300
2198,신영와코루,005800
2199,신영증권,001720
2200,신원,009270
2201,신풍제지,002870
2202,아주캐피탈,033660
2203,에스엘,005850
2204,에이프로젠 KIC,007460
2205,엘브이엠씨,900140
2206,엘에스일렉트릭,010120
2207,오리온,271560
2208,우리금융지주,316140
2209,우성사료,006980
2210,웰바이오텍,010600
2211,유니온,000910
2212,유안타증권,003470
2213,일진전기,103590
2214,조광피혁,004700
2215,조일알미늄,018470
2216,진흥기업,002780
2217,카카오,035720
2218,케이씨티시,009070
2219,케이티,030200
2220,코리안리,003690
2221,코스맥스비티아이,044820
2222,코오롱머티리얼,144620
2223,크라운제과,264900
2224,크라운해태홀딩스,005740
2225,태림포장,011280
2226,태원물산,001420
2227,티에이치엔,019180
2228,팬오션,028670
2229,평화산업,090080
2230,하나투어,039130
2231,하이골드12호,172580
2232,한국프랜지공업,010100
2233,한독,002390
2234,한세엠케이,069640
2235,한솔제지,213500
2236,한솔케미칼,014680
2237,한솔테크닉스,004710
2238,한온시스템,018880
2239,한진,002320
2240,해성디에스,195870
2241,현대리바트,079430
2242,현대백화점,069960
2243,형지엘리트,093240
2244,혜인,003010
2245,화성산업,002460
2246,휴비스,079980
2247,CNH,023460
2248,DMS,068790
2249,GH신소재,130500
2250,IBKS제14호스팩,351320
2251,KBI메탈,024840
2252,KMH하이텍,052900
2253,KNN,058400
2254,KTH,036030
2255,KT서브마린,060370
2256,SBS콘텐츠허브,046140
2257,SG&G,040610
2258,SGA,049470
2259,SV인베스트먼트,289080
2260,TPC,048770
2261,TS인베스트먼트,246690
2262,YBM넷,057030
2263,iMBC,052220
2264,가온미디어,078890
2265,경동제약,011040
2266,골든센츄리,900280
2267,광진윈텍,090150
2268,구영테크,053270
2269,국보디자인,066620
2270,글로스퍼랩스,032860
2271,나이스정보통신,036800
2272,남화산업,111710
2273,네스엠,056000
2274,네오오토,212560
2275,네오위즈,095660
2276,네오크레마,311390
2277,넷게임즈,225570
2278,노랑풍선,104620
2279,노바텍,285490
2280,뉴보텍,060260
2281,다날,064260
2282,다우데이타,032190
2283,대원미디어,048910
2284,대한과학,131220
2285,대호피앤씨,021040
2286,대화제약,067080
2287,동아화성,041930
2288,동양파일,228340
2289,디앤씨미디어,263720
2290,디이엔티,079810
2291,라닉스,317120
2292,라온피플,300120
2293,라이트론,069540
2294,랩지노믹스,084650
2295,로스웰,900260
2296,리더스코스메틱,016100
2297,리메드,302550
2298,린드먼아시아,277070
2299,마니커에프앤지,195500
2300,메가엠디,133750
2301,메드팩토,235980
2302,메카로,241770
2303,모베이스,101330
2304,모아텍,033200
2305,미래에셋대우스팩4호,333430
2306,바이오스마트,038460
2307,바텍,043150
2308,박셀바이오,323990
2309,보광산업,225530
2310,본느,226340
2311,브릿지바이오,288330
2312,블러썸엠앤씨,263920
2313,비엠티,086670
2314,비츠로셀,082920
2315,삼보모터스,053700
2316,삼영엠텍,054540
2317,삼천당제약,000250
2318,샘코,263540
2319,서울옥션,063170
2320,서한,011370
2321,성도이엔지,037350
2322,성우전자,081580
2323,세동,053060
2324,세미콘라이트,214310
2325,세원,234100
2326,세원물산,024830
2327,셀리버리,268600
2328,소룩스,290690
2329,소프트캠프,258790
2330,스카이문스테크놀로지,033790
2331,시너지이노베이션,048870
2332,신성델타테크,065350
2333,신화인터텍,056700
2334,싸이토젠,217330
2335,씨유메디칼,115480
2336,아시아종묘,154030
2337,아이컴포넌트,059100
2338,아즈텍WB,032080
2339,안랩,053800
2340,알서포트,131370
2341,액트,131400
2342,어보브반도체,102120
2343,에너토크,019990
2344,에버다임,041440
2345,에스넷,038680
2346,에스디시스템,121890
2347,에스앤에스텍,101490
2348,에스에이엠티,031330
2349,에스티큐브,052020
2350,에스피지,058610
2351,에이프로,262260
2352,에이피티씨,089970
2353,에코마케팅,230360
2354,에코바이오,038870
2355,에코캡,128540
2356,에프앤리퍼블릭,064090
2357,에프엔에스테크,083500
2358,엔바이오니아,317870
2359,엔에이치스팩13호,310840
2360,엘엠에스,073110
2361,엠아이텍,179290
2362,엠에스오토텍,123040
2363,엠케이전자,033160
2364,오이솔루션,138080
2365,올리패스,244460
2366,와이엠씨,155650
2367,와이엠티,251370
2368,와이제이엠게임즈,193250
2369,와이팜,332570
2370,우리넷,115440
2371,우리조명,037400
2372,원익IPS,240810
2373,위세아이텍,065370
2374,유니슨,018000
2375,유니크,011320
2376,유아이디,069330
2377,유아이엘,049520
2378,이상네트웍스,080010
2379,이엠코리아,095190
2380,이오플로우,294090
2381,이큐셀,160600
2382,이퓨쳐,134060
2383,이화공영,001840
2384,인텔리안테크,189300
2385,인피니트헬스케어,071200
2386,일신바이오,068330
2387,잉글우드랩,950140
2388,정원엔시스,045510
2389,제이씨케미칼,137950
2390,제이앤티씨,204270
2391,제이엘케이,322510
2392,젬백스링크,064800
2393,좋은사람들,033340
2394,중앙백신,072020
2395,지트리비앤티,115450
2396,카스,016920
2397,카페24,042000
2398,케이비17호스팩,317030
2399,케이에스피,073010
2400,코디엠,224060
2401,코리아센터,290510
2402,큐리언트,115180
2403,크리스탈신소재,900250
2404,크린앤사이언스,045520
2405,클래시스,214150
2406,태웅,044490
2407,테라셈,182690
2408,토박스코리아,215480
2409,티사이언티픽,057680
2410,티케이케미칼,104480
2411,팅크웨어,084730
2412,파라텍,033540
2413,판타지오,032800
2414,팜스토리,027710
2415,푸드나무,290720
2416,푸른저축은행,007330
2417,프리엠스,053160
2418,플랜티넷,075130
2419,피제이메탈,128660
2420,하나머티리얼즈,166090
2421,한국선재,025550
2422,한국전자인증,041460
2423,한국큐빅,021650
2424,한독크린텍,256150
2425,한화플러스제1호스팩,340440
2426,헬릭스미스,084990
2427,현대사료,016790
2428,현우산업,092300
2429,홈캐스트,064240
2430,휴메딕스,200670
2431,흥구석유,024060
2432,골프존데카,183410
2433,네추럴FNP,086220
2434,데이터스트림즈,199150
2435,루켄테크놀러지스,162120
2436,비엔디생활건강,215050
2437,아이케이세미콘,149010
2438,애드바이오텍,179530
2439,에스엘에스바이오,246250
2440,엔지브이아이,093510
2441,엠앤씨생명과학,225860
2442,유엑스엔,337840
2443,이비테크,208850
2444,이앤에치,341310
2445,이에스산업,241510
2446,청광건설,140290
2447,파인이엠텍,278990
2448,펨토바이오메드,327610
2449,프로테옴텍,303360
2450,AP우주통신,015670
2451,BHK,003990
2452,SK인천정유,006290
2453,STX조선해양,067250
2454,거북선1호선박투자,092970
2455,경남모직,001670
2456,경남종금,014400
2457,고려화학,010110
2458,고제,002540
2459,굿리치경매2,088510
2460,금성계전,010000
2461,금호건설,000570
2462,나눔공간,028940
2463,대구은행,005270
2464,대망,028370
2465,대선주조,004110
2466,대우송도개발,004550
2467,대한종합건설,029030
2468,동북아11호선박투자,083360
2469,동북아28호,089180
2470,동북아4호,080970
2471,동북아8호,082110
2472,두산건설,002950
2473,로케트전기,000420
2474,맵스베트남1,094520
2475,벽산개발,002080
2476,삼미,002580
2477,삼영금속,029120
2478,서통,001150
2479,세명종합건설,029840
2480,신성이엔지,104110
2481,신세계종금,016690
2482,신화건설,006160
2483,아남정밀,028490
2484,아시아1호,080180
2485,아시아6호,082250
2486,아시아차,004280
2487,에스와이코퍼레이션,008080
2488,오렌지라이프,079440
2489,온미디어,045710
2490,전북은행,006350
2491,제일냉동,010910
2492,제일모직,001300
2493,조인에너지,004820
2494,중원,003840
2495,충북은행,007240
2496,케이씨오에너지,011400
2497,케이알제2호,101790
2498,코리아04호,091000
2499,코스파이더,034190
2500,코오롱유화,011020
2501,하이골드2호,139200
2502,하이트맥주,103150
2503,한국유리,028760
2504,한국저축은행,025610
2505,한국컴퓨터지주,009760
2506,한양,008690
2507,한일은행,000130
2508,한일합섬,003980
2509,한화종금,016480
2510,현대울산종금,015620
2511,현대차써비스,009650
2512,효성물산,001930
2513,휴닉스,009790
2514,BET,036820
2515,CJ E&M,130960
2516,IBKS스팩1호,126680
2517,ST&I,031800
2518,건영종합건설,022130
2519,굿라이프5-MF,037500
2520,굿이엠지,051530
2521,글로포스트,037830
2522,남성알미늄,033220
2523,넥스텔,037220
2524,넷웨이브,047730
2525,대국,042340
2526,대동,014380
2527,대웅바이오,016890
2528,동남리스,026240
2529,동신특강,024920
2530,동양텔레콤,007150
2531,동화금고,007260
2532,두원중공업,013900
2533,디지텍시스템,091690
2534,라이카,011900
2535,리더컴,056140
2536,모린스,110310
2537,미래에셋실크로드펀드,035300
2538,미래에셋오리엔탈혼합,067700
2539,미래에셋이글이호펀드,034460
2540,미래에셋크린채권형일,035820
2541,미성포리테크,094700
2542,박현주2호,034170
2543,박현주5호,038030
2544,박현주6호,038480
2545,보진재,030950
2546,부국퓨쳐스타즈스팩,123300
2547,삼송공업,015180
2548,삼한실업,009950
2549,삼한콘트롤스,033070
2550,서울창업투자,019460
2551,성융광전투자,900150
2552,소예,035010
2553,신양오라컴,086830
2554,신지소프트,078700
2555,신한모방,019730
2556,실크성장삼호,045860
2557,아구스,078670
2558,아이드림,066850
2559,아이비진,039060
2560,아이씨켐,020490
2561,알티전자,032290
2562,애드모바일,032600
2563,어울림 네트,042820
2564,어울림엘시스,033280
2565,어플라이드,053960
2566,업필,054370
2567,에너윈,055970
2568,에스비아이앤솔로몬스,123910
2569,에이원마이크로,037380
2570,에임하이,043580
2571,에코페트로시스템,042870
2572,엑스로드,074140
2573,엔빅스,054170
2574,엠넷미디어,056200
2575,옥션,043790
2576,우주통신,054080
2577,위노바,039790
2578,유니씨앤티,040780
2579,유리세이프롱숏채권혼,058910
2580,유리앙상블,039280
2581,유진화학,003430
2582,이노블루,066200
2583,이루넷,041030
2584,제넥셀,034660
2585,제일창투,026540
2586,중앙리스금융,021870
2587,지이엔에프,038920
2588,차이나그레이트,900040
2589,창민테크,042960
2590,챌린지전환1,035670
2591,캡스,007020
2592,케이디세코,073780
2593,케이엔씨글로벌,068150
2594,케이엠에스,038830
2595,코리아이앤디,027440
2596,코스모스피엘씨,053170
2597,큐닉스컴퓨터,015530
2598,큐앤에스,052880
2599,클루넷,067130
2600,키움스팩3호,218710
2601,터보테크,032420
2602,테라,032780
2603,트라이써클,034010
2604,티브로드도봉강북방송,035210
2605,티에스엠텍,066350
2606,평산,089480
2607,포이보스,038810
2608,하이에이아이1호스팩,235010
2609,한가족주식,040380
2610,한도하이테크,060660
2611,해피드림,065180
2612,헤쎄나,036270
2613,현대에이블스팩1호,204760
2614,현대정보기술,026180
2615,호성,035870
2616,호크아이즈증권투자회,034760
2617,화인썬트로닉스,038520
2618,휴먼이노텍,013630
2619,히스토스템,036840
2620,다린,204690
2621,대원모방,311840
2622,디와이엘엔제이,207230
2623,자비스,230400
2624,주노콜렉션,221670
2625,프렉코,082220
2626,CS홀딩스,000590
2627,DB,012030
2628,GS리테일,007070
2629,HDC,012630
2630,JW생명과학,234080
2631,KC그린홀딩스,009440
2632,KR모터스,000040
2633,LG유플러스,032640
2634,SPC삼립,005610
2635,경농,002100
2636,경동도시가스,267290
2637,경방,000050
2638,고려제강,002240
2639,광동제약,009290
2640,광주신세계,037710
2641,국도화학,007690
2642,금비,008870
2643,금호타이어,073240
2644,대림산업,000210
2645,대림통상,006570
2646,대신증권,003540
2647,대웅,003090
2648,대원강업,000430
2649,대원전선,006340
2650,대원화성,024890
2651,대유에이텍,002880
2652,더블유게임즈,192080
2653,동부건설,005960
2654,동성제약,002210
2655,동양고속,084670
2656,동양철관,008970
2657,동원수산,030720
2658,롯데쇼핑,023530
2659,메리츠화재,000060
2660,미원에스씨,268280
2661,부광약품,003000
2662,부산산업,011390
2663,비티원,101140
2664,삼익악기,002450
2665,삼천리,004690
2666,서울식품공업,004410
2667,성창기업지주,000180
2668,세종공업,033530
2669,센트럴인사이트,012600
2670,시디즈,134790
2671,신도리코,029530
2672,아모레퍼시픽그룹,002790
2673,아시아나IDT,267850
2674,알루코,001780
2675,에스제이엠홀딩스,025530
2676,오뚜기,007310
2677,유성기업,002920
2678,유양디앤유,011690
2679,이리츠코크렙,088260
2680,이수페타시스,007660
2681,이아이디,093230
2682,인디에프,014990
2683,일동홀딩스,000230
2684,일진홀딩스,015860
2685,자이에스앤디,317400
2686,자화전자,033240
2687,전방,000950
2688,제이알글로벌리츠,348950
2689,제이콘텐트리,036420
2690,제일기획,030000
2691,지투알,035000
2692,진양폴리우레탄,010640
2693,케이씨씨,002380
2694,코스맥스,192820
2695,콤텍시스템,031820
2696,태경비케이,014580
2697,티웨이항공,091810
2698,퍼스텍,010820
2699,포스코인터내셔널,047050
2700,하이골드3호,153360
2701,한국ANKOR유전,152550
2702,한국내화,010040
2703,한국주철관공업,000970
2704,한국콜마,161890
2705,한국화장품,123690
2706,한라,014790
2707,한미반도체,042700
2708,한섬,020000
2709,한세실업,105630
2710,한솔홈데코,025750
2711,한올바이오파마,009420
2712,한전산업,130660
2713,한화손해보험,000370
2714,핸즈코퍼레이션,143210
2715,현대오토에버,307950
2716,화승엔터프라이즈,241590
2717,화인베스틸,133820
2718,화천기계,010660
2719,효성첨단소재,298050
2720,후성,093370
2721,휠라홀딩스,081660
2722,휴스틸,005010
2723,3S,060310
2724,JYP Ent.,035900
2725,RFHIC,218410
2726,강원,114190
2727,경남제약,053950
2728,고려신용정보,049720
2729,골드퍼시픽,038530
2730,광진실업,026910
2731,그린플러스,186230
2732,기산텔레콤,035460
2733,나무기술,242040
2734,나이스디앤비,130580
2735,네패스,033640
2736,대동금속,020400
2737,대림제지,017650
2738,대신정보통신,020180
2739,더블유에프엠,035290
2740,동국알앤에스,075970
2741,동우팜투테이블,088910
2742,동운아나텍,094170
2743,드림씨아이에스,223250
2744,디아이티,110990
2745,디에이치피코리아,131030
2746,디케이락,105740
2747,디케이앤디,263020
2748,디케이티,290550
2749,라온시큐어,042510
2750,라파스,214260
2751,리노스,039980
2752,리더스 기술투자,019570
2753,마이크로컨텍솔,098120
2754,메지온,140410
2755,모다이노칩,080420
2756,모베이스전자,012860
2757,미디어젠,279600
2758,미래나노텍,095500
2759,미래에셋대우스팩 5호,353490
2760,미래테크놀로지,213090
2761,미투젠,950190
2762,바이오리더스,142760
2763,뷰웍스,100120
2764,브레인콘텐츠,066980
2765,블루콤,033560
2766,비에이치,090460
2767,비츠로테크,042370
2768,비피도,238200
2769,빅텍,065450
2770,삼강엠앤티,100090
2771,삼보산업,009620
2772,삼성머스트스팩3호,309930
2773,삼표시멘트,038500
2774,상상인이안1호스팩,307870
2775,서부T&D,006730
2776,선광,003100
2777,세진티에스,067770
2778,세화피앤씨,252500
2779,셀레믹스,331920
2780,셀리드,299660
2781,소리바다,053110
2782,소마젠,950200
2783,솔브레인,357780
2784,수젠텍,253840
2785,스맥,099440
2786,신라섬유,001000
2787,신화콘텍,187270
2788,쎄니트,037760
2789,씨씨에스,066790
2790,씨엔플러스,115530
2791,씨젠,096530
2792,아리온,058220
2793,아시아경제,127710
2794,아이디스홀딩스,054800
2795,아이쓰리시스템,214430
2796,아주IB투자,027360
2797,안국약품,001540
2798,알테오젠,196170
2799,알톤스포츠,123750
2800,알파홀딩스,117670
2801,압타바이오,293780
2802,야스,255440
2803,에스맥,097780
2804,에스모 머티리얼즈,087730
2805,에스에이티,060540
2806,에스엔유,080000
2807,에스엠코어,007820
2808,에스티오,098660
2809,에이에프더블류,312610
2810,에이치엘비,028300
2811,에이테크솔루션,071670
2812,에이프런티어,036180
2813,에코마이스터,064510
2814,에프엔씨엔터,173940
2815,엘비세미콘,061970
2816,엘이티,297890
2817,엠에스씨,009780
2818,엠젠플러스,032790
2819,오디텍,080520
2820,오로라,039830
2821,오상자이엘,053980
2822,오킨스전자,080580
2823,와이엔텍,067900
2824,와이오엠,066430
2825,와이지엔터테인먼트,122870
2826,우주일렉트로,065680
2827,원방테크,053080
2828,웹케시,053580
2829,위니아딤채,071460
2830,위드텍,348350
2831,위지윅스튜디오,299900
2832,윈스,136540
2833,윈텍,320000
2834,유라테크,048430
2835,유틸렉스,263050
2836,이그잭스,060230
2837,이니텍,053350
2838,이더블유케이,258610
2839,이테크건설,016250
2840,인바디,041830
2841,인지디스플레,037330
2842,인콘,083640
2843,인크로스,216050
2844,인터엠,017250
2845,일지테크,019540
2846,자안,221610
2847,제이에스티나,026040
2848,제이엠아이,033050
2849,제일전기공업,199820
2850,지노믹트리,228760
2851,지니틱스,303030
2852,진로발효,018120
2853,체리부로,066360
2854,카카오게임즈,293490
2855,케이디켐,221980
2856,케이씨티,089150
2857,케이피에스,256940
2858,코나아이,052400
2859,코디,080530
2860,코리아에스이,101670
2861,코스나인,082660
2862,코스온,069110
2863,코아스템,166480
2864,큐렉소,060280
2865,큐로컴,040350
2866,태양,053620
2867,테크윙,089030
2868,티엘아이,062860
2869,티움바이오,321550
2870,파인테크닉스,106240
2871,팜스빌,318010
2872,팬스타엔터프라이즈,054300
2873,평화정공,043370
2874,포메탈,119500
2875,포스코 ICT,022100
2876,퓨전,195440
2877,플레이위드,023770
2878,피씨엘,241820
2879,피피아이,062970
2880,한국제8호스팩,310870
2881,한국파마,032300
2882,한솔인티큐브,070590
2883,한스바이오메드,042520
2884,한창산업,079170
2885,한컴MDS,086960
2886,한화에스비아이스팩,317320
2887,핸디소프트,220180
2888,현대공업,170030
2889,화신정공,126640
2890,휴마시스,205470
2891,휴비츠,065510
2892,흥국,010240
2893,굿센,243870
2894,데이드림엔터,348840
2895,듀켐바이오,176750
2896,라온테크,232680
2897,라이프사이언스테크놀로지,285770
2898,메디안디노스틱,233250
2899,명진홀딩스,267060
2900,미래엔에듀파트너,208890
2901,수프로,185190
2902,시그넷이브이,260870
2903,에브리봇,270660
2904,에스앤디,260970
2905,에스에이티이엔지,158300
2906,에스엠비나,299670
2907,에이원알폼,234070
2908,엠로,058970
2909,원포유,122830
2910,유니포인트,121060
2911,제노텍,066830
2912,케어룸의료산업,327970
2913,탑선,180060
2914,티티씨디펜스,309900
2915,파워풀엑스,266870
2916,LG생명과학,068870
2917,LG석유화학,012990
2918,SK,003600
2919,거북선3호,102000
2920,거북선5호,114130
2921,고합,004460
2922,공영토건,001700
2923,광덕물산,003590
2924,금강화섬,010730
2925,남양,003020
2926,넥상스코리아,003050
2927,넥솔론,110570
2928,대도상사,028500
2929,대동은행,021600
2930,대미실업,015090
2931,대성합동지주,005620
2932,대우실업,029040
2933,대한석유지주,029210
2934,대한은박지,007480
2935,대한중석,000160
2936,동국방직,011180
2937,동방개발,012150
2938,동부산업,003970
2939,동부화학,008950
2940,동북아6호,080410
2941,동성반도체,016070
2942,동아건설,000280
2943,동양정밀,001100
2944,디와이홀딩스,004510
2945,리얼티코리아제1호,072450
2946,메디슨,018360
2947,바로크,017120
2948,박현주3호,034200
2949,반도스포츠,028480
2950,배명금속,011800
2951,삼애인더스,009330
2952,세방해운,029160
2953,신동양건설,028390
2954,씨크롭,016970
2955,아시아10호,083570
2956,영남종금,024960
2957,오라바이오틱스,016160
2958,요업개발,006900
2959,우리스팩1호,122750
2960,우생,028570
2961,유성티에스아이,024870
2962,일신제강,028340
2963,일은증권,008530
2964,제로원인터랙티브,069470
2965,진도물산,006240
2966,진로식품,004730
2967,충청은행,005510
2968,케이비물산,008540
2969,케이비부국위탁리츠,149130
2970,코리아05호,093400
2971,코리아06호,093410
2972,코오롱인터내셔널,063510
2973,코크렙15호,121550
2974,코크렙7호,086720
2975,태일정밀,017320
2976,태창기업,007490
2977,태평양건설,028460
2978,태화,000510
2979,팬택자산관리,025930
2980,하나IB,003330
2981,하나은행_피흡수,007360
2982,한국아태특별,098150
2983,한진해운,117930
2984,해태유업,003900
2985,호남식품,007100
2986,(주)이동수에프엔지,020880
2987,AD모터스,038120
2988,AJS,013340
2989,C&S자산관리,032040
2990,CJ인터넷,037150
2991,CL,035710
2992,CU전자,056340
2993,H1바이오,052310
2994,KTB코스닥1,042310
2995,i 인프라,008780
2996,경남리스,021930
2997,경동,009590
2998,고려,025960
2999,골든브릿지제3호스팩,219580
3000,국민카드,031150
3001,국제밸브공업,011360
3002,다산,015150
3003,다휘,055250
3004,대우스팩2호,204440
3005,대진정밀화학,033350
3006,동부CNI,044640
3007,동부저축은행,024820
3008,동부제4호스팩,230490
3009,동부티에스블랙펄스팩,128910
3010,동성하이켐,013450
3011,동원장보고2,039180
3012,레이젠,047440
3013,리젠트뮤추얼원자산배,036330
3014,마이다스차익거래혼합,053530
3015,마이차익3호-MF,067410
3016,모닷텔,048150
3017,모델라인,064720
3018,모디아,046000
3019,미래에셋드림사호펀드,035470
3020,미래에셋박현주드림오,035540
3021,미래에셋박현주사호펀,034280
3022,미래에셋제3호스팩,215750
3023,미주제강,002670
3024,바이나믹,067850
3025,바이킹성장일,043700
3026,박현주 5호,034290
3027,박현주드림팔호자산배,035860
3028,부산리스금융,018480
3029,부영철강,025940
3030,삼경기전,022020
3031,삼우빅케치,004750
3032,삼일공사,003890
3033,삼협산업,023880
3034,세니콘,056060
3035,세실,084450
3036,세화기술투자,021740
3037,시노펙스그린테크,037320
3038,시큐리티KOR,066330
3039,실크성장1호,042460
3040,썬코어,051170
3041,씨모스,037600
3042,아라온테크,041060
3043,어필텔레콤,033510
3044,에듀패스,031950
3045,에버테크노,070480
3046,에스브이에이치,046240
3047,에스피코프,048130
3048,에이엠에스,044770
3049,에코솔루션,052510
3050,엔써,037750
3051,엔토리노,032590
3052,엘케이엔씨,047420
3053,엠바이엔,031970
3054,영성제강,026920
3055,오페스,053470
3056,올리브나인,052970
3057,옵셔널벤처스,022780
3058,우리신용카드,022870
3059,우성아이비,194610
3060,원익테라세미콘,123100
3061,웨스테이트,016140
3062,위다스,056810
3063,유리뉴앙상블,046520
3064,유리아이피일,037520
3065,유리피아이일,036960
3066,유아이에너지,050050
3067,유일엔시스,038720
3068,유진산업,018380
3069,유진종합개발,023420
3070,이디디컴퍼니,052650
3071,이스턴마스텍,025910
3072,이지클럽,038980
3073,제너시스템즈,073930
3074,중앙바이오텍,015170
3075,지아이바이오,035450
3076,케미그라스,021090
3077,케이비드림3호스팩,221950
3078,코닉스,017210
3079,코디콤,041800
3080,쿨투,056020
3081,키움스팩4호,226850
3082,태일전자,020100
3083,테스텍,048510
3084,트래픽아이티에스,038050
3085,폴켐,033190
3086,풍연,017090
3087,플러스프로핏,036660
3088,하이드로젠파워,070080
3089,하이럭스,079340
3090,한국스팩1호,123290
3091,한국염공,005470
3092,한국파트너스,019560
3093,한보금고,027450
3094,한주개발,017410
3095,한화에이스스팩2호,219860
3096,헤파호프,039350
3097,화니백화점,031090
3098,휘튼,066480
3099,히든챔피언스팩1호,123160
3100,비앤에스미디어,156170
3101,세화피앤씨,085980
3102,스탠다드펌,179280
3103,아스팩오일,232360
3104,제이에스피브이,250300
3105,티씨엠생명과학,228180
3106,퓨얼셀,139170
3107,BGF,027410
3108,DB하이텍,000990
3109,HSD엔진,082740
3110,KG동부제철,016380
3111,KTB투자증권,030210
3112,KTcs,058850
3113,LG생활건강,051900
3114,SG세계물산,004060
3115,SIMPAC,009160
3116,SKC,011790
3117,SK가스,018670
3118,SK디앤디,210980
3119,SK렌터카,068400
3120,STX엔진,077970
3121,STX중공업,071970
3122,TCC스틸,002710
3123,가온전선,000500
3124,경보제약,214390
3125,계양전기,012200
3126,고려산업,002140
3127,광전자,017900
3128,기아자동차,000270
3129,넥센,005720
3130,넥스트사이언스,003580
3131,농심,004370
3132,다우기술,023590
3133,대성산업,128820
3134,대유플러스,000300
3135,대한전선,001440
3136,대한제분,001130
3137,대한항공,003490
3138,대한화섬,003830
3139,동남합성,023450
3140,동방,004140
3141,동아타이어,282690
3142,동양피스톤,092780
3143,동원시스템즈,014820
3144,디와이파워,210540
3145,롯데리츠,330590
3146,메리츠금융지주,138040
3147,무림P&P,009580
3148,미원상사,002840
3149,방림,003610
3150,보령제약,003850
3151,사조오양,006090
3152,삼아알미늄,006110
3153,삼호개발,010960
3154,삼화전자공업,011230
3155,삼화페인트공업,000390
3156,새론오토모티브,075180
3157,성문전자,014910
3158,세아베스틸,001430
3159,세아제강지주,003030
3160,신풍제약,019170
3161,쌍방울,102280
3162,쌍용양회공업,003410
3163,씨에스윈드,112610
3164,아남전자,008700
3165,아세아제지,002310
3166,애경유화,161000
3167,에쓰씨엔지니어링,023960
3168,에어부산,298690
3169,엔케이물산,009810
3170,영흥,012160
3171,오리엔트바이오,002630
3172,오리온홀딩스,001800
3173,용평리조트,070960
3174,웅진,016880
3175,원림,005820
3176,유니퀘스트,077500
3177,이엔플러스,074610
3178,이지스밸류플러스리츠,334890
3179,일동제약,249420
3180,일신석재,007110
3181,일양약품,007570
3182,주연테크,044380
3183,지코,010580
3184,진양산업,003780
3185,케이비아이동국실업,001620
3186,케이씨,029460
3187,케이티스카이라이프,053210
3188,코오롱,002020
3189,티웨이홀딩스,004870
3190,파미셀,005690
3191,페이퍼코리아,001020
3192,평화홀딩스,010770
3193,풀무원,017810
3194,하이트진로홀딩스,000140
3195,한국단자공업,025540
3196,한국조선해양,009540
3197,한국카본,017960
3198,한농화성,011500
3199,한신공영,004960
3200,한익스프레스,014130
3201,한전기술,052690
3202,한화투자증권,003530
3203,현대글로비스,086280
3204,현대중공업지주,267250
3205,현대해상,001450
3206,화승알앤에이,013520
3207,효성중공업,298040
3208,효성티앤씨,298020
3209,HB테크놀러지,078150
3210,IBKS제12호스팩,335870
3211,ISC,095340
3212,KG이니시스,035600
3213,MP한강,219550
3214,NE능률,053290
3215,NHN한국사이버결제,060250
3216,SBI인베스트먼트,019550
3217,SG,255220
3218,갤럭시아머니트리,094480
3219,고려제약,014570
3220,국일제지,078130
3221,금강철강,053260
3222,기가레인,049080
3223,나노스,151910
3224,나노캠텍,091970
3225,나라엠앤디,051490
3226,나우IB,293580
3227,내츄럴엔도텍,168330
3228,네오펙트,290660
3229,녹십자엠에스,142280
3230,녹십자웰빙,234690
3231,뉴로스,126870
3232,뉴지랩,214870
3233,대동기어,008830
3234,대륙제관,004780
3235,대모,317850
3236,대보마그네틱,290670
3237,대성엘텍,025440
3238,대성창투,027830
3239,대양제지,006580
3240,대정화금,120240
3241,대창스틸,140520
3242,덕우전자,263600
3243,동국S&C,100130
3244,동성화인텍,033500
3245,동양에스텍,060380
3246,동양이엔피,079960
3247,동일철강,023790
3248,디스플레이텍,066670
3249,디에스케이,109740
3250,디자인,227100
3251,디젠스,113810
3252,러셀,217500
3253,레이,228670
3254,마이더스AI,222810
3255,매일유업,267980
3256,매직마이크로,127160
3257,맥스로텍,141070
3258,멀티캠퍼스,067280
3259,메가스터디,072870
3260,메디프론,065650
3261,명성티엔에스,257370
3262,모바일어플라이언스,087260
3263,미투온,201490
3264,바른손,018700
3265,바이오로그디바이스,208710
3266,바이오솔루션,086820
3267,바이오톡스텍,086040
3268,버추얼텍,036620
3269,베스파,299910
3270,비나텍,126340
3271,빅솔론,093190
3272,삼목에스폼,018310
3273,삼성스팩2호,291230
3274,상상인,038540
3275,상신전자,263810
3276,서진시스템,178320
3277,서플러스글로벌,140070
3278,선익시스템,171090
3279,세틀뱅크,234340
3280,소프트센,032680
3281,솔트웍스,230980
3282,쇼박스,086980
3283,스타모빌리티,158310
3284,신진에스엠,138070
3285,심텍홀딩스,036710
3286,쎌바이오텍,049960
3287,씨티케이코스메틱스,260930
3288,아모그린텍,125210
3289,아미노로직스,074430
3290,아이디스,143160
3291,아이비김영,339950
3292,아이앤씨,052860
3293,아이에스이커머스,069920
3294,아이엠,101390
3295,아이엠텍,226350
3296,아진엑스텍,059120
3297,아톤,158430
3298,알엔투테크놀로지,148250
3299,압타머사이언스,291650
3300,액토즈소프트,052790
3301,앤씨앤,092600
3302,에스모,073070
3303,에스엠,041510
3304,에스티아이,039440
3305,에이비프로바이오,195990
3306,에이아이비트,039230
3307,에이치엘비제약,047920
3308,에이치케이,044780
3309,에이텍,045660
3310,에코프로,086520
3311,에코프로비엠,247540
3312,엔에이치스팩17호,359090
3313,엔투텍,227950
3314,엘앤케이바이오,156100
3315,오리엔탈정공,014940
3316,오리콤,010470
3317,오스템,031510
3318,우리기술,032820
3319,우리기술투자,041190
3320,우리로,046970
3321,우정바이오,215380
3322,월덱스,101160
3323,웰크론한텍,076080
3324,웹스,196700
3325,위지트,036090
3326,윙입푸드,900340
3327,유니셈,036200
3328,유니트론텍,142210
3329,유진기업,023410
3330,유진로봇,056080
3331,율호,072770
3332,이노와이즈,086250
3333,이라이콤,041520
3334,이베스트투자증권,078020
3335,이엑스티,226360
3336,이엔에프테크놀로지,102710
3337,이원컴포텍,088290
3338,이크레더블,092130
3339,이화전기,024810
3340,인트로메딕,150840
3341,인트론바이오,048530
3342,일야,058450
3343,일진파워,094820
3344,제노포커스,187420
3345,제룡산업,147830
3346,젠큐릭스,229000
3347,조이시티,067000
3348,중앙에너비스,000440
3349,지엘팜텍,204840
3350,진매트릭스,109820
3351,창해에탄올,004650
3352,청담러닝,096240
3353,컬러레이,900310
3354,케어랩스,263700
3355,케이엔제이,272110
3356,케이엠,083550
3357,케이엠제약,225430
3358,케이프,064820
3359,켐트로닉스,089010
3360,켐트로스,220260
3361,코다코,046070
3362,코리아에프티,123410
3363,코센,009730
3364,큐로홀딩스,051780
3365,태광,023160
3366,티피씨글로벌,130740
3367,파크시스템스,140860
3368,파트론,091700
3369,팬젠,222110
3370,포스코엠텍,009520
3371,포인트엔지니어링,256630
3372,포티스,141020
3373,피앤씨테크,237750
3374,피앤이솔루션,131390
3375,필로시스헬스케어,057880
3376,하나머스트제6호스팩,307160
3377,하림지주,003380
3378,하이제5호스팩,340120
3379,하이텍팜,106190
3380,한국가구,004590
3381,한국정밀기계,101680
3382,한빛소프트,047080
3383,한송네오텍,226440
3384,현대바이오랜드,052260
3385,현대통신,039010
3386,휘닉스소재,050090
3387,휴림로봇,090710
3388,노브메타파마,229500
3389,대동고려삼,178600
3390,더콘텐츠온,302920
3391,볼빅,206950
3392,뿌리깊은나무들,266170
3393,스템랩,258540
3394,시큐센,232830
3395,에스엔피제네틱스,086460
3396,에이비온,203400
3397,에프앤가이드,064850
3398,엔솔바이오사이언스,140610
3399,옐로페이,179720
3400,인터코스,240340
3401,질경이,233990
3402,크로넥스,215570
3403,파마리서치바이오,217950
3404,판도라티비,202960
3405,C&중공업,008400
3406,FNC코오롱,001370
3407,LG데이콤,015940
3408,갑을방적,011290
3409,고려원양어업,028330
3410,고려종금,017110
3411,골든경매일호,084160
3412,광주은행,192530
3413,광주은행,005770
3414,극동전선,006250
3415,극동제혁,010200
3416,글로스텍,012410
3417,금성부품,028470
3418,기아차판매,007170
3419,남선물산,005000
3420,논노,015780
3421,대농건설,029200
3422,대상교역,006790
3423,대양상호신용금고,013250
3424,대우,003810
3425,대우증권스팩,121910
3426,도레이케미칼,008000
3427,동남은행,021610
3428,동북아10호선박투자,083350
3429,동북아13호선박투자,083380
3430,동북아1호,078420
3431,동북아2호,080030
3432,동북아31호,093730
3433,동북아3호,080960
3434,두산식품,001610
3435,라미화장품,010330
3436,베네데스하이텍,009360
3437,삼양타이어,029180
3438,선진금속,018570
3439,셀런,013240
3440,스탠다드차타드은행,000110
3441,신광산업,005410
3442,신세계톰보이,012580
3443,신일건업,014350
3444,신한,005450
3445,신화,016640
3446,씨앤상선,000790
3447,씨앤우방,013200
3448,아시아3호,081200
3449,아시아4호,081210
3450,아시아9호,081940
3451,엠피챌린지,035340
3452,옥전산업,028960
3453,옥포기업,029010
3454,옵티멈전환일,038270
3455,우리증권,001280
3456,위너스인프라인,005760
3457,유레스메리츠제1호,073470
3458,유성,002340
3459,중국원양자원,900050
3460,중앙건설,015110
3461,청솔종금,015080
3462,코오롱종합전기,029220
3463,포스코플랜텍,051310
3464,피앤텍,013820
3465,하이콘테그,000310
3466,한국안전유리,018550
3467,한국유전15-1,093820
3468,한일건설,006440
3469,한일약품공업,003040
3470,항도종금,014980
3471,해동금고,007420
3472,해외섬유,028900
3473,현대오토넷,042100
3474,현대종금,011880
3475,3SOFT,036360
3476,GK파워,054020
3477,KTB벤처2-MF,039370
3478,KTB전환형1,037360
3479,PW제네틱스,065910
3480,경북콘크리트,008960
3481,교보5호스팩,223040
3482,뉴젠비아이티,054650
3483,다임마이스터보험형일,036440
3484,대림금속공업,015920
3485,대우스팩3호,215580
3486,대한제지,000530
3487,덴소풍성,047060
3488,도움,078610
3489,디브이에스,046400
3490,디앤샵,090090
3491,디지텔,037740
3492,룩손에너지,033550
3493,리젠트코스,043350
3494,마이다스페안,045280
3495,메카포럼,035830
3496,모빌링크,041310
3497,모젬,079560
3498,미래에셋P.B.2호펀드,066030
3499,미래에셋실크로드자산,036300
3500,박현주4성장,037780
3501,박현주드림육호자산배,035700
3502,벨로체피아노,040750
3503,보람금고,008160
3504,블루젬디앤씨,053040
3505,삼성그랑프리전환형뮤,035520
3506,삼성수산,052560
3507,삼화실업,000600
3508,선일옵트론,014250
3509,성우몰드,053440
3510,세이에이스혼합형펀드,052520
3511,세이채권혼합,045790
3512,스탠더드텔레,027890
3513,실리콘화일,082930
3514,실크성장2호,043400
3515,쏠라엔텍,030390
3516,씨디네트웍스,073710
3517,씨모텍,081090
3518,아이엠아이티,038100
3519,아이티센네트웍스,057110
3520,아이팩토리,053810
3521,아이피에스,051820
3522,알이엔,023670
3523,에스마크,030270
3524,에프아이투어,047370
3525,에프티이앤이,065160
3526,엔에이치스팩7호,217810
3527,엔케이바이오,019260
3528,엔하이테크,046720
3529,엘에스오토모티브,008580
3530,예당,049000
3531,예일바이오텍,054250
3532,옵티멈성장1,045090
3533,옵티멈전환2,039380
3534,완리,900180
3535,우경,025920
3536,웨이포트,900130
3537,유리세이프전환혼합형,052530
3538,유리중립일,036950
3539,유리프론티어-MF,045550
3540,유안타제2호스팩,219960
3541,인네트,041450
3542,인베스티움사파이어성,034340
3543,임광토건,001850
3544,장복건설,013210
3545,제이앤유글로벌,086200
3546,주일,011770
3547,차이나하오란,900090
3548,케너텍,062730
3549,케이디엠,027560
3550,클라스타,037550
3551,텔슨정보통신,018180
3552,트리니티,053070
3553,파이오니어2-MF,045070
3554,파인넥스,123260
3555,포네이처,045290
3556,플래티넘성1,043380
3557,플렉스컴,065270
3558,하이스마텍,057100
3559,한와이어리스,037020
3560,한통데이타,045760
3561,한화수성스팩,265920
3562,한화에이스스팩4호,279410
3563,화진,134780
3564,SGA시스템즈,232290
3565,나이코,192240
3566,닉스테크,063840
3567,소프트캠프,210610
3568,아이엘사이언스,122050
3569,캐로스,260490
3570,BYC,001460
3571,DB손해보험,005830
3572,GS,078930
3573,HMM,011200
3574,JB금융지주,175330
3575,LS네트웍스,000680
3576,NH투자증권,005940
3577,SK,034730
3578,SK디스커버리,006120
3579,강남제비스코,000860
3580,경동나비엔,009450
3581,광명전기,017040
3582,교촌에프앤비,339770
3583,그린케미칼,083420
3584,금호석유화학,011780
3585,금호에이치티,214330
3586,깨끗한나라,004540
3587,남광토건,001260
3588,노루홀딩스,000320
3589,대동공업,000490
3590,대상홀딩스,084690
3591,대성에너지,117580
3592,대우부품,009320
3593,대우조선해양,042660
3594,대창단조,015230
3595,대현,016090
3596,도화엔지니어링,002150
3597,동성화학,005190
3598,동아에스티,170900
3599,동아지질,028100
3600,동일고무벨트,163560
3601,동일산업,004890
3602,동일제강,002690
3603,두올,016740
3604,드림텍,192650
3605,롯데지주,004990
3606,롯데푸드,002270
3607,모나리자,012690
3608,무림페이퍼,009200
3609,미래산업,025560
3610,미래에셋대우,006800
3611,보해양조,000890
3612,삼화콘덴서공업,001820
3613,상신브레이크,041650
3614,서울도시가스,017390
3615,성안,011300
3616,신대양제지,016590
3617,신흥,004080
3618,쎌마테라퓨틱스,015540
3619,아시아나항공,020560
3620,에스원,012750
3621,에스케이바이오팜,326030
3622,에이프로젠제약,003060
3623,영풍제지,006740
3624,우리들제약,004720
3625,우리종금,010050
3626,우진아이엔에스,010400
3627,웅진씽크빅,095720
3628,유수홀딩스,000700
3629,유엔젤,072130
3630,율촌화학,008730
3631,이지스레지던스리츠,350520
3632,이화산업,000760
3633,인팩,023810
3634,일신방직,003200
3635,일진디스플,020760
3636,일진머티리얼즈,020150
3637,제주은행,006220
3638,제주항공,089590
3639,종근당,185750
3640,진양홀딩스,100250
3641,천일고속,000650
3642,체시스,033250
3643,카프로,006380
3644,케이티앤지,033780
3645,태경케미컬,006890
3646,태광산업,003240
3647,태영건설,009410
3648,풍산,103140
3649,하나금융지주,086790
3650,한국가스공사,036460
3651,한국전력공사,015760
3652,한국항공우주,047810
3653,한성기업,003680
3654,한세예스24홀딩스,016450
3655,한일시멘트,300720
3656,한일홀딩스,003300
3657,한전KPS,051600
3658,한진칼,180640
3659,한창,005110
3660,현대그린푸드,005440
3661,현대로템,064350
3662,현대미포조선,010620
3663,현대약품,004310
3664,현대종합상사,011760
3665,화신,010690
3666,휴켐스,069260
3667,흥국화재,000540
3668,AP시스템,265520
3669,AP위성,211270
3670,GRT,900290
3671,MP그룹,065150
3672,OQP,078590
3673,PI첨단소재,178920
3674,S&K폴리텍,091340
3675,SFA반도체,036540
3676,THE MIDONG,161570
3677,YTN,040300
3678,골프존뉴딘홀딩스,121440
3679,교보10호기업인수목적,355150
3680,글로벌에스엠,900070
3681,금화피에스시,036190
3682,까스텔바작,308100
3683,나무가,190510
3684,네온테크,306620
3685,넥스틴,348210
3686,녹십자랩셀,144510
3687,농우바이오,054050
3688,뉴트리,270870
3689,다나와,119860
3690,다믈멀티미디어,093640
3691,대동스틸,048470
3692,대신밸런스제8호스팩,336570
3693,대한광통신,010170
3694,더네이쳐홀딩스,298540
3695,데이타솔루션,263800
3696,덱스터,206560
3697,도이치모터스,067990
3698,동국산업,005160
3699,동원개발,013120
3700,동일금속,109860
3701,동화기업,025900
3702,드림시큐리티,203650
3703,드림어스컴퍼니,060570
3704,디딤,217620
3705,디와이피엔에프,104460
3706,디지캡,197140
3707,레몬,294140
3708,로보티즈,108490
3709,로체시스템즈,071280
3710,루멘스,038060
3711,루트로닉,085370
3712,리노공업,058470
3713,마이크로디지탈,305090
3714,마크로젠,038290
3715,매커스,093520
3716,메디아나,041920
3717,멜파스,096640
3718,모바일리더,100030
3719,미래생명자원,218150
3720,미래컴퍼니,049950
3721,바른전자,064520
3722,배럴,267790
3723,백금T&A,046310
3724,버킷스튜디오,066410
3725,보성파워텍,006910
3726,브이원텍,251630
3727,브이티지엠피,018290
3728,비덴트,121800
3729,비비씨,318410
3730,비씨월드제약,200780
3731,비아트론,141000
3732,비올,335890
3733,비츠로시스,054220
3734,빛샘전자,072950
3735,삼기,122350
3736,상상인이안제2호스팩,329560
3737,상상인인더스트리,101000
3738,서남,294630
3739,서울리거,043710
3740,서울제약,018680
3741,서전기전,189860
3742,서희건설,035890
3743,성광벤드,014620
3744,세중,039310
3745,센트럴바이오,051980
3746,셀트리온헬스케어,091990
3747,솔브레인홀딩스,036830
3748,솔트룩스,304100
3749,슈프리마아이디,317770
3750,스킨앤스킨,159910
3751,신신제약,002800
3752,신영스팩6호,344050
3753,신일제약,012790
3754,싸이맥스,160980
3755,썸에이지,208640
3756,쏠리드,050890
3757,씨아이에스,222080
3758,씨에스베어링,297090
3759,아난티,025980
3760,아바코,083930
3761,아세아텍,050860
3762,아스트,067390
3763,아이스크림에듀,289010
3764,아이텍,119830
3765,아이티엠반도체,084850
3766,알로이스,297570
3767,양지사,030960
3768,얼라인드,238120
3769,에스씨디,042110
3770,에스에프에이,056190
3771,에스텍,069510
3772,에스폴리텍,050760
3773,에스피시스템스,317830
3774,에이디테크놀로지,200710
3775,에이치엘비생명과학,067630
3776,에이치엘비파워,043220
3777,에치에프알,230240
3778,엔에이치스팩16호,353190
3779,엘앤씨바이오,290650
3780,엘앤에프,066970
3781,엘티씨,170920
3782,엠투엔,033310
3783,영우디에스피,143540
3784,영풍정밀,036560
3785,예선테크,250930
3786,오리엔트정공,065500
3787,오스코텍,039200
3788,오파스넷,173130
3789,올릭스,226950
3790,옴니시스템,057540
3791,와토스코리아,079000
3792,우리산업,215360
3793,우리이앤엘,153490
3794,우원개발,046940
3795,위더스제약,330350
3796,위즈코프,038620
3797,윈팩,097800
3798,유비케어,032620
3799,유안타제3호스팩,287410
3800,유앤아이,056090
3801,유진스팩4호,321260
3802,이노메트리,302430
3803,이노테라피,246960
3804,이디티,215090
3805,이루다,164060
3806,이매진아시아,036260
3807,이베스트이안스팩1호,323210
3808,이씨에스,067010
3809,이엔드디,101360
3810,이오테크닉스,039030
3811,인터로조,119610
3812,인프라웨어,041020
3813,인화정공,101930
3814,자연과환경,043910
3815,정산애강,022220
3816,제닉,123330
3817,제이브이엠,054950
3818,제이엔케이히터,126880
3819,제일테크노스,038010
3820,제테마,216080
3821,지어소프트,051160
3822,지에스이,053050
3823,지엔원에너지,270520
3824,지와이커머스,111820
3825,진양제약,007370
3826,차바이오텍,085660
3827,천랩,311690
3828,청보산업,013720
3829,케어젠,214370
3830,케이맥,043290
3831,케이엘넷,039420
3832,케이프이에스제4호,347140
3833,코렌텍,104540
3834,코리아나,027050
3835,코스맥스엔비티,222040
3836,코오롱티슈진,950160
3837,코콤,015710
3838,큐에스아이,066310
3839,크루셜텍,114120
3840,크리스에프앤씨,110790
3841,테스,095610
3842,텔레칩스,054450
3843,텔레필드,091440
3844,톱텍,108230
3845,티비씨,033830
3846,티플랙스,081150
3847,파나진,046210
3848,파이오링크,170790
3849,포비스티앤씨,016670
3850,포시에스,189690
3851,푸른기술,094940
3852,프럼파스트,035200
3853,플리토,300080
3854,피엔케이피부임상연구센타,347740
3855,피제이전자,006140
3856,하림,136480
3857,하이록코리아,013030
3858,하이비젼시스템,126700
3859,하츠,066130
3860,한국기업평가,034950
3861,한국정보공학,039740
3862,한네트,052600
3863,한라IMS,092460
3864,한양이엔지,045100
3865,한프,066110
3866,해성산업,034810
3867,해성옵틱스,076610
3868,행남사,008800
3869,홈센타홀딩스,060560
3870,힘스,238490
3871,SGA클라우드서비스,224880
3872,TS트릴리온,284610
3873,관악산업,076340
3874,나라소프트,288490
3875,메디젠휴먼케어,236340
3876,셀젠텍,258250
3877,에스케이씨에스,224020
3878,에이펙스인텍,207490
3879,엔에스엠,238170
3880,원바이오젠,278380
3881,원텍,216280
3882,이노진,344860
3883,지앤이헬스케어,299480
3884,코셋,189350
3885,툴젠,199800
3886,플럼라인생명과학,222670
3887,피엔에이치테크,239890
3888,한국미라클피플사,331660
3889,휴벡셀,212310
