,체결시각,체결가,전일비,매도,매수,거래량,변동량,DATE
0,09:00,133000.0,2000.0,133000.0,132500.0,133028.0,133028.0,20210107
1,09:01,132500.0,1500.0,133000.0,132500.0,187687.0,54659.0,20210107
2,09:02,132500.0,1500.0,133000.0,132500.0,198825.0,11138.0,20210107
3,09:03,131500.0,500.0,132000.0,131500.0,268268.0,69443.0,20210107
4,09:04,131500.0,500.0,132000.0,131500.0,282828.0,14560.0,20210107
5,09:05,132000.0,1000.0,132500.0,132000.0,325606.0,42778.0,20210107
6,09:06,132000.0,1000.0,132000.0,131500.0,347068.0,21462.0,20210107
7,09:07,132000.0,1000.0,132500.0,132000.0,375018.0,27950.0,20210107
8,09:08,132500.0,1500.0,132500.0,132000.0,408543.0,33525.0,20210107
9,09:09,132500.0,1500.0,133000.0,132500.0,438776.0,30233.0,20210107
10,09:10,132500.0,1500.0,133000.0,132500.0,443294.0,4518.0,20210107
11,09:11,133500.0,2500.0,133500.0,133000.0,497504.0,54210.0,20210107
12,09:12,134000.0,3000.0,134000.0,133500.0,577787.0,80283.0,20210107
13,09:13,134000.0,3000.0,134000.0,133500.0,625933.0,48146.0,20210107
14,09:14,133500.0,2500.0,133500.0,133000.0,641998.0,16065.0,20210107
15,09:15,133500.0,2500.0,134000.0,133500.0,657899.0,15901.0,20210107
16,09:16,134500.0,3500.0,134500.0,134000.0,805313.0,147414.0,20210107
17,09:17,135000.0,4000.0,135000.0,134500.0,904542.0,99229.0,20210107
18,09:18,136000.0,5000.0,136000.0,135500.0,1060748.0,156206.0,20210107
19,09:19,135000.0,4000.0,135500.0,135000.0,1156561.0,95813.0,20210107
20,09:20,134500.0,3500.0,135000.0,134500.0,1229465.0,72904.0,20210107
21,09:21,134500.0,3500.0,135000.0,134500.0,1269940.0,40475.0,20210107
22,09:22,135000.0,4000.0,135000.0,134500.0,1328567.0,58627.0,20210107
23,09:23,135000.0,4000.0,135000.0,134500.0,1362072.0,33505.0,20210107
24,09:24,135000.0,4000.0,135000.0,134500.0,1365871.0,3799.0,20210107
25,09:25,135000.0,4000.0,135500.0,135000.0,1398921.0,33050.0,20210107
26,09:26,135000.0,4000.0,135000.0,134500.0,1420110.0,21189.0,20210107
27,09:27,135000.0,4000.0,135500.0,135000.0,1448141.0,28031.0,20210107
28,09:28,134500.0,3500.0,135000.0,134500.0,1491272.0,43131.0,20210107
29,09:29,134500.0,3500.0,135000.0,134500.0,1497118.0,5846.0,20210107
30,09:30,135000.0,4000.0,135000.0,134500.0,1504091.0,6973.0,20210107
31,09:31,134000.0,3000.0,134500.0,134000.0,1552488.0,48397.0,20210107
32,09:32,134500.0,3500.0,134500.0,134000.0,1588753.0,36265.0,20210107
33,09:33,134500.0,3500.0,135000.0,134500.0,1650596.0,61843.0,20210107
34,09:34,134500.0,3500.0,135000.0,134500.0,1655633.0,5037.0,20210107
35,09:35,135000.0,4000.0,135000.0,134500.0,1659492.0,3859.0,20210107
36,09:36,134500.0,3500.0,134500.0,134000.0,1702203.0,42711.0,20210107
37,09:37,135000.0,4000.0,135000.0,134500.0,1723682.0,21479.0,20210107
38,09:38,134500.0,3500.0,135000.0,134500.0,1727043.0,3361.0,20210107
39,09:39,135000.0,4000.0,135000.0,134500.0,1729329.0,2286.0,20210107
40,09:40,134500.0,3500.0,135000.0,134500.0,1743623.0,14294.0,20210107
41,09:41,135000.0,4000.0,135000.0,134500.0,1744940.0,1317.0,20210107
42,09:42,135000.0,4000.0,135000.0,134500.0,1747994.0,3054.0,20210107
43,09:43,134500.0,3500.0,135000.0,134500.0,1750237.0,2243.0,20210107
44,09:44,135000.0,4000.0,135000.0,134500.0,1753430.0,3193.0,20210107
45,09:45,134500.0,3500.0,135000.0,134500.0,1756577.0,3147.0,20210107
46,09:46,134500.0,3500.0,135000.0,134500.0,1758957.0,2380.0,20210107
47,09:47,135000.0,4000.0,135000.0,134500.0,1761917.0,2960.0,20210107
48,09:48,134500.0,3500.0,135000.0,134500.0,1767466.0,5549.0,20210107
49,09:49,135500.0,4500.0,135500.0,135000.0,1853358.0,85892.0,20210107
50,09:50,135500.0,4500.0,135500.0,135000.0,1858400.0,5042.0,20210107
51,09:51,135500.0,4500.0,135500.0,135000.0,1863399.0,4999.0,20210107
52,09:52,135500.0,4500.0,135500.0,135000.0,1865533.0,2134.0,20210107
53,09:53,135000.0,4000.0,135500.0,135000.0,1870080.0,4547.0,20210107
54,09:54,135000.0,4000.0,135500.0,135000.0,1875036.0,4956.0,20210107
55,09:55,135500.0,4500.0,135500.0,135000.0,1884252.0,9216.0,20210107
56,09:56,135500.0,4500.0,135500.0,135000.0,1888578.0,4326.0,20210107
57,09:57,135000.0,4000.0,135500.0,135000.0,1891083.0,2505.0,20210107
58,09:58,135500.0,4500.0,135500.0,135000.0,1894590.0,3507.0,20210107
59,09:59,135500.0,4500.0,135500.0,135000.0,1897484.0,2894.0,20210107
60,10:00,135500.0,4500.0,135500.0,135000.0,1902056.0,4572.0,20210107
61,10:01,136000.0,5000.0,136000.0,135500.0,2011782.0,109726.0,20210107
62,10:02,135500.0,4500.0,136000.0,135500.0,2019375.0,7593.0,20210107
63,10:03,136000.0,5000.0,136000.0,135500.0,2023112.0,3737.0,20210107
64,10:04,136000.0,5000.0,136000.0,135500.0,2027367.0,4255.0,20210107
65,10:05,136000.0,5000.0,136000.0,135500.0,2090179.0,62812.0,20210107
66,10:06,135500.0,4500.0,135500.0,135000.0,2116024.0,25845.0,20210107
67,10:07,135500.0,4500.0,135500.0,135000.0,2118187.0,2163.0,20210107
68,10:08,135000.0,4000.0,135500.0,135000.0,2121302.0,3115.0,20210107
69,10:09,135000.0,4000.0,135500.0,135000.0,2125817.0,4515.0,20210107
70,10:10,135500.0,4500.0,135500.0,135000.0,2133860.0,8043.0,20210107
71,10:11,134500.0,3500.0,135000.0,134500.0,2169944.0,36084.0,20210107
72,10:12,135000.0,4000.0,135000.0,134500.0,2175855.0,5911.0,20210107
73,10:13,135000.0,4000.0,135000.0,134500.0,2179382.0,3527.0,20210107
74,10:14,135000.0,4000.0,135000.0,134500.0,2184783.0,5401.0,20210107
75,10:15,134500.0,3500.0,135000.0,134500.0,2188332.0,3549.0,20210107
76,10:16,135000.0,4000.0,135000.0,134500.0,2190468.0,2136.0,20210107
77,10:17,134500.0,3500.0,135000.0,134500.0,2193898.0,3430.0,20210107
78,10:18,135000.0,4000.0,135000.0,134500.0,2200963.0,7065.0,20210107
79,10:19,135000.0,4000.0,135000.0,134500.0,2204935.0,3972.0,20210107
80,10:20,135000.0,4000.0,135000.0,134500.0,2213036.0,8101.0,20210107
81,10:21,134500.0,3500.0,135000.0,134500.0,2218217.0,5181.0,20210107
82,10:22,134500.0,3500.0,135000.0,134500.0,2280937.0,62720.0,20210107
83,10:23,134500.0,3500.0,135000.0,134500.0,2284202.0,3265.0,20210107
84,10:24,134500.0,3500.0,135000.0,134500.0,2286668.0,2466.0,20210107
85,10:25,135000.0,4000.0,135000.0,134500.0,2289765.0,3097.0,20210107
86,10:26,134500.0,3500.0,135000.0,134500.0,2291308.0,1543.0,20210107
87,10:27,135500.0,4500.0,135500.0,135000.0,2345309.0,54001.0,20210107
88,10:28,135500.0,4500.0,135500.0,135000.0,2348664.0,3355.0,20210107
89,10:29,135000.0,4000.0,135000.0,134500.0,2368588.0,19924.0,20210107
90,10:30,135000.0,4000.0,135500.0,135000.0,2378038.0,9450.0,20210107
91,10:31,135000.0,4000.0,135500.0,135000.0,2380106.0,2068.0,20210107
92,10:32,135000.0,4000.0,135500.0,135000.0,2382184.0,2078.0,20210107
93,10:33,135500.0,4500.0,136000.0,135500.0,2435870.0,53686.0,20210107
94,10:34,136000.0,5000.0,136000.0,135500.0,2441910.0,6040.0,20210107
95,10:35,135500.0,4500.0,136000.0,135500.0,2443106.0,1196.0,20210107
96,10:36,136000.0,5000.0,136000.0,135500.0,2450021.0,6915.0,20210107
97,10:37,136000.0,5000.0,136000.0,135500.0,2456209.0,6188.0,20210107
98,10:38,135500.0,4500.0,136000.0,135500.0,2459918.0,3709.0,20210107
99,10:39,136500.0,5500.0,136500.0,136000.0,2579262.0,119344.0,20210107
100,10:40,136500.0,5500.0,136500.0,136000.0,2585071.0,5809.0,20210107
101,10:41,136000.0,5000.0,136500.0,136000.0,2588396.0,3325.0,20210107
102,10:42,137000.0,6000.0,137000.0,136500.0,2676452.0,88056.0,20210107
103,10:43,137000.0,6000.0,137000.0,136500.0,2683786.0,7334.0,20210107
104,10:44,136500.0,5500.0,136500.0,136000.0,2726840.0,43054.0,20210107
105,10:45,136500.0,5500.0,136500.0,136000.0,2743476.0,16636.0,20210107
106,10:46,136500.0,5500.0,136500.0,136000.0,2754860.0,11384.0,20210107
107,10:47,135500.0,4500.0,136000.0,135500.0,2801286.0,46426.0,20210107
108,10:48,136000.0,5000.0,136500.0,136000.0,2824700.0,23414.0,20210107
109,10:49,135500.0,4500.0,136000.0,135500.0,2832215.0,7515.0,20210107
110,10:50,136000.0,5000.0,136000.0,135500.0,2835837.0,3622.0,20210107
111,10:51,136000.0,5000.0,136500.0,136000.0,2870699.0,34862.0,20210107
112,10:52,135500.0,4500.0,136000.0,135500.0,2880584.0,9885.0,20210107
113,10:53,135500.0,4500.0,136000.0,135500.0,2886267.0,5683.0,20210107
114,10:54,136500.0,5500.0,136500.0,136000.0,2902989.0,16722.0,20210107
115,10:55,136500.0,5500.0,136500.0,136000.0,2907996.0,5007.0,20210107
116,10:56,136000.0,5000.0,136500.0,136000.0,2913641.0,5645.0,20210107
117,10:57,136500.0,5500.0,136500.0,136000.0,2915197.0,1556.0,20210107
118,10:58,136500.0,5500.0,136500.0,136000.0,2917955.0,2758.0,20210107
119,10:59,136000.0,5000.0,136500.0,136000.0,2919564.0,1609.0,20210107
120,11:00,136500.0,5500.0,136500.0,136000.0,2921570.0,2006.0,20210107
121,11:01,136000.0,5000.0,136500.0,136000.0,2924724.0,3154.0,20210107
122,11:02,136500.0,5500.0,136500.0,136000.0,2926914.0,2190.0,20210107
123,11:03,136500.0,5500.0,136500.0,136000.0,2928587.0,1673.0,20210107
124,11:04,136500.0,5500.0,136500.0,136000.0,2945207.0,16620.0,20210107
125,11:05,136500.0,5500.0,136500.0,136000.0,2951815.0,6608.0,20210107
126,11:06,136000.0,5000.0,136500.0,136000.0,2956229.0,4414.0,20210107
127,11:07,136000.0,5000.0,136500.0,136000.0,2962074.0,5845.0,20210107
128,11:08,136000.0,5000.0,136500.0,136000.0,2968842.0,6768.0,20210107
129,11:09,136000.0,5000.0,136500.0,136000.0,2972206.0,3364.0,20210107
130,11:10,136500.0,5500.0,136500.0,136000.0,2977160.0,4954.0,20210107
131,11:11,136000.0,5000.0,136500.0,136000.0,2978754.0,1594.0,20210107
132,11:12,136500.0,5500.0,136500.0,136000.0,2980937.0,2183.0,20210107
133,11:13,136000.0,5000.0,136500.0,136000.0,2984540.0,3603.0,20210107
134,11:14,136500.0,5500.0,136500.0,136000.0,2991658.0,7118.0,20210107
135,11:15,136500.0,5500.0,136500.0,136000.0,2994613.0,2955.0,20210107
136,11:16,136500.0,5500.0,136500.0,136000.0,2997479.0,2866.0,20210107
137,11:17,136000.0,5000.0,136500.0,136000.0,3004783.0,7304.0,20210107
138,11:18,137000.0,6000.0,137000.0,136500.0,3064813.0,60030.0,20210107
139,11:19,136500.0,5500.0,137000.0,136500.0,3067119.0,2306.0,20210107
140,11:20,137000.0,6000.0,137000.0,136500.0,3070885.0,3766.0,20210107
141,11:21,136500.0,5500.0,137000.0,136500.0,3074157.0,3272.0,20210107
142,11:22,137000.0,6000.0,137000.0,136500.0,3086290.0,12133.0,20210107
143,11:23,136500.0,5500.0,137000.0,136500.0,3091928.0,5638.0,20210107
144,11:24,137000.0,6000.0,137000.0,136500.0,3185981.0,94053.0,20210107
145,11:25,137000.0,6000.0,137500.0,137000.0,3232723.0,46742.0,20210107
146,11:26,137000.0,6000.0,137500.0,137000.0,3237395.0,4672.0,20210107
147,11:27,137000.0,6000.0,137500.0,137000.0,3245444.0,8049.0,20210107
148,11:28,137000.0,6000.0,137000.0,136500.0,3288574.0,43130.0,20210107
149,11:29,137000.0,6000.0,137000.0,136500.0,3293980.0,5406.0,20210107
150,11:30,137000.0,6000.0,137000.0,136500.0,3302252.0,8272.0,20210107
151,11:31,136500.0,5500.0,137000.0,136500.0,3311830.0,9578.0,20210107
152,11:32,137500.0,6500.0,137500.0,137000.0,3353177.0,41347.0,20210107
153,11:33,137000.0,6000.0,137500.0,137000.0,3357078.0,3901.0,20210107
154,11:34,137500.0,6500.0,137500.0,137000.0,3361737.0,4659.0,20210107
155,11:35,137000.0,6000.0,137500.0,137000.0,3364661.0,2924.0,20210107
156,11:36,137000.0,6000.0,137500.0,137000.0,3368562.0,3901.0,20210107
157,11:37,137500.0,6500.0,137500.0,137000.0,3372177.0,3615.0,20210107
158,11:38,137000.0,6000.0,137000.0,136500.0,3401919.0,29742.0,20210107
159,11:39,136500.0,5500.0,137000.0,136500.0,3404580.0,2661.0,20210107
160,11:40,136500.0,5500.0,137000.0,136500.0,3407267.0,2687.0,20210107
161,11:41,136500.0,5500.0,137000.0,136500.0,3409757.0,2490.0,20210107
162,11:42,137000.0,6000.0,137500.0,137000.0,3427668.0,17911.0,20210107
163,11:43,137000.0,6000.0,137500.0,137000.0,3431468.0,3800.0,20210107
164,11:44,137000.0,6000.0,137500.0,137000.0,3433607.0,2139.0,20210107
165,11:45,137500.0,6500.0,137500.0,137000.0,3436089.0,2482.0,20210107
166,11:46,136500.0,5500.0,137000.0,136500.0,3450553.0,14464.0,20210107
167,11:47,136500.0,5500.0,137000.0,136500.0,3454742.0,4189.0,20210107
168,11:48,137000.0,6000.0,137000.0,136500.0,3459868.0,5126.0,20210107
169,11:49,136500.0,5500.0,137000.0,136500.0,3463476.0,3608.0,20210107
170,11:50,136500.0,5500.0,137000.0,136500.0,3467902.0,4426.0,20210107
171,11:51,136500.0,5500.0,137000.0,136500.0,3470656.0,2754.0,20210107
172,11:52,136500.0,5500.0,137000.0,136500.0,3472322.0,1666.0,20210107
173,11:53,136500.0,5500.0,137000.0,136500.0,3475931.0,3609.0,20210107
174,11:54,136500.0,5500.0,137000.0,136500.0,3503946.0,28015.0,20210107
175,11:55,137500.0,6500.0,137500.0,137000.0,3518746.0,14800.0,20210107
176,11:56,137500.0,6500.0,137500.0,137000.0,3521891.0,3145.0,20210107
177,11:57,137500.0,6500.0,137500.0,137000.0,3525720.0,3829.0,20210107
178,11:58,137500.0,6500.0,137500.0,137000.0,3529541.0,3821.0,20210107
179,11:59,137000.0,6000.0,137500.0,137000.0,3532850.0,3309.0,20210107
180,12:00,137000.0,6000.0,137500.0,137000.0,3535311.0,2461.0,20210107
181,12:01,137000.0,6000.0,137500.0,137000.0,3537619.0,2308.0,20210107
182,12:02,137500.0,6500.0,137500.0,137000.0,3539828.0,2209.0,20210107
183,12:03,137000.0,6000.0,137500.0,137000.0,3541964.0,2136.0,20210107
184,12:04,137500.0,6500.0,137500.0,137000.0,3544758.0,2794.0,20210107
185,12:05,137500.0,6500.0,137500.0,137000.0,3549218.0,4460.0,20210107
186,12:06,137000.0,6000.0,137500.0,137000.0,3550652.0,1434.0,20210107
187,12:07,137000.0,6000.0,137500.0,137000.0,3553190.0,2538.0,20210107
188,12:08,137500.0,6500.0,137500.0,137000.0,3556036.0,2846.0,20210107
189,12:09,137000.0,6000.0,137500.0,137000.0,3557844.0,1808.0,20210107
190,12:10,137000.0,6000.0,137500.0,137000.0,3559432.0,1588.0,20210107
191,12:11,136500.0,5500.0,137000.0,136500.0,3621345.0,61913.0,20210107
192,12:12,137000.0,6000.0,137000.0,136500.0,3626342.0,4997.0,20210107
193,12:13,137000.0,6000.0,137000.0,136500.0,3631433.0,5091.0,20210107
194,12:14,137000.0,6000.0,137000.0,136500.0,3637306.0,5873.0,20210107
195,12:15,137000.0,6000.0,137000.0,136500.0,3640461.0,3155.0,20210107
196,12:16,136500.0,5500.0,137000.0,136500.0,3641915.0,1454.0,20210107
197,12:17,137000.0,6000.0,137000.0,136500.0,3643751.0,1836.0,20210107
198,12:18,136500.0,5500.0,137000.0,136500.0,3646028.0,2277.0,20210107
199,12:19,136500.0,5500.0,137000.0,136500.0,3648213.0,2185.0,20210107
200,12:20,136500.0,5500.0,137000.0,136500.0,3649271.0,1058.0,20210107
201,12:21,137000.0,6000.0,137000.0,136500.0,3655178.0,5907.0,20210107
202,12:22,137000.0,6000.0,137000.0,136500.0,3657045.0,1867.0,20210107
203,12:23,137000.0,6000.0,137000.0,136500.0,3658512.0,1467.0,20210107
204,12:24,136500.0,5500.0,137000.0,136500.0,3661904.0,3392.0,20210107
205,12:25,137000.0,6000.0,137000.0,136500.0,3664737.0,2833.0,20210107
206,12:26,137000.0,6000.0,137000.0,136500.0,3666137.0,1400.0,20210107
207,12:27,137000.0,6000.0,137000.0,136500.0,3667547.0,1410.0,20210107
208,12:28,137000.0,6000.0,137000.0,136500.0,3670819.0,3272.0,20210107
209,12:29,136500.0,5500.0,137000.0,136500.0,3671900.0,1081.0,20210107
210,12:30,136500.0,5500.0,137000.0,136500.0,3673414.0,1514.0,20210107
211,12:31,136500.0,5500.0,137000.0,136500.0,3680559.0,7145.0,20210107
212,12:32,137000.0,6000.0,137000.0,136500.0,3685159.0,4600.0,20210107
213,12:33,137000.0,6000.0,137000.0,136500.0,3686692.0,1533.0,20210107
214,12:34,137000.0,6000.0,137000.0,136500.0,3691837.0,5145.0,20210107
215,12:35,137000.0,6000.0,137000.0,136500.0,3694696.0,2859.0,20210107
216,12:36,137000.0,6000.0,137000.0,136500.0,3697638.0,2942.0,20210107
217,12:37,136500.0,5500.0,137000.0,136500.0,3699344.0,1706.0,20210107
218,12:38,137000.0,6000.0,137000.0,136500.0,3702760.0,3416.0,20210107
219,12:39,137000.0,6000.0,137000.0,136500.0,3704613.0,1853.0,20210107
220,12:40,136500.0,5500.0,137000.0,136500.0,3709120.0,4507.0,20210107
221,12:41,136500.0,5500.0,137000.0,136500.0,3712491.0,3371.0,20210107
222,12:42,137000.0,6000.0,137000.0,136500.0,3714516.0,2025.0,20210107
223,12:43,137000.0,6000.0,137500.0,137000.0,3801527.0,87011.0,20210107
224,12:44,137000.0,6000.0,137500.0,137000.0,3803812.0,2285.0,20210107
225,12:45,137500.0,6500.0,137500.0,137000.0,3806632.0,2820.0,20210107
226,12:46,137500.0,6500.0,137500.0,137000.0,3809387.0,2755.0,20210107
227,12:47,137000.0,6000.0,137500.0,137000.0,3813186.0,3799.0,20210107
228,12:48,137500.0,6500.0,137500.0,137000.0,3818122.0,4936.0,20210107
229,12:49,137000.0,6000.0,137500.0,137000.0,3820596.0,2474.0,20210107
230,12:50,137500.0,6500.0,137500.0,137000.0,3823383.0,2787.0,20210107
231,12:51,137500.0,6500.0,137500.0,137000.0,3825841.0,2458.0,20210107
232,12:52,137000.0,6000.0,137500.0,137000.0,3827410.0,1569.0,20210107
233,12:53,137500.0,6500.0,137500.0,137000.0,3835134.0,7724.0,20210107
234,12:54,137000.0,6000.0,137500.0,137000.0,3837854.0,2720.0,20210107
235,12:55,137000.0,6000.0,137500.0,137000.0,3839408.0,1554.0,20210107
236,12:56,137000.0,6000.0,137500.0,137000.0,3846569.0,7161.0,20210107
237,12:57,137000.0,6000.0,137500.0,137000.0,3850612.0,4043.0,20210107
238,12:58,137000.0,6000.0,137500.0,137000.0,3853789.0,3177.0,20210107
239,12:59,137500.0,6500.0,137500.0,137000.0,3856125.0,2336.0,20210107
240,13:00,137500.0,6500.0,137500.0,137000.0,3859495.0,3370.0,20210107
241,13:01,137500.0,6500.0,137500.0,137000.0,3866200.0,6705.0,20210107
242,13:02,137500.0,6500.0,137500.0,137000.0,3869721.0,3521.0,20210107
243,13:03,137000.0,6000.0,137500.0,137000.0,3872347.0,2626.0,20210107
244,13:04,137000.0,6000.0,137500.0,137000.0,3874548.0,2201.0,20210107
245,13:05,137000.0,6000.0,137500.0,137000.0,3878131.0,3583.0,20210107
246,13:06,137000.0,6000.0,137500.0,137000.0,3930137.0,52006.0,20210107
247,13:07,136500.0,5500.0,137000.0,136500.0,3987295.0,57158.0,20210107
248,13:08,136500.0,5500.0,137000.0,136500.0,3989374.0,2079.0,20210107
249,13:09,136500.0,5500.0,137000.0,136500.0,3993619.0,4245.0,20210107
250,13:10,137000.0,6000.0,137000.0,136500.0,3996530.0,2911.0,20210107
251,13:11,137000.0,6000.0,137000.0,136500.0,3999489.0,2959.0,20210107
252,13:12,136500.0,5500.0,137000.0,136500.0,4004698.0,5209.0,20210107
253,13:13,137000.0,6000.0,137000.0,136500.0,4008799.0,4101.0,20210107
254,13:14,136500.0,5500.0,137000.0,136500.0,4012220.0,3421.0,20210107
255,13:15,136500.0,5500.0,137000.0,136500.0,4013862.0,1642.0,20210107
256,13:16,136500.0,5500.0,137000.0,136500.0,4016089.0,2227.0,20210107
257,13:17,137000.0,6000.0,137000.0,136500.0,4020664.0,4575.0,20210107
258,13:18,136500.0,5500.0,137000.0,136500.0,4026541.0,5877.0,20210107
259,13:19,136500.0,5500.0,137000.0,136500.0,4029802.0,3261.0,20210107
260,13:20,137000.0,6000.0,137000.0,136500.0,4032095.0,2293.0,20210107
261,13:21,136500.0,5500.0,137000.0,136500.0,4035553.0,3458.0,20210107
262,13:22,137000.0,6000.0,137500.0,137000.0,4118408.0,82855.0,20210107
263,13:23,137000.0,6000.0,137500.0,137000.0,4122457.0,4049.0,20210107
264,13:24,137500.0,6500.0,137500.0,137000.0,4125011.0,2554.0,20210107
265,13:25,137500.0,6500.0,137500.0,137000.0,4128465.0,3454.0,20210107
266,13:26,137500.0,6500.0,137500.0,137000.0,4131664.0,3199.0,20210107
267,13:27,137500.0,6500.0,137500.0,137000.0,4142103.0,10439.0,20210107
268,13:28,137000.0,6000.0,137500.0,137000.0,4145101.0,2998.0,20210107
269,13:29,137500.0,6500.0,137500.0,137000.0,4147843.0,2742.0,20210107
270,13:30,137000.0,6000.0,137500.0,137000.0,4153427.0,5584.0,20210107
271,13:31,137000.0,6000.0,137500.0,137000.0,4160467.0,7040.0,20210107
272,13:32,137000.0,6000.0,137500.0,137000.0,4163479.0,3012.0,20210107
273,13:33,137000.0,6000.0,137500.0,137000.0,4170115.0,6636.0,20210107
274,13:34,137000.0,6000.0,137500.0,137000.0,4173965.0,3850.0,20210107
275,13:35,137000.0,6000.0,137500.0,137000.0,4177530.0,3565.0,20210107
276,13:36,137000.0,6000.0,137500.0,137000.0,4183349.0,5819.0,20210107
277,13:37,137000.0,6000.0,137500.0,137000.0,4189564.0,6215.0,20210107
278,13:38,137500.0,6500.0,137500.0,137000.0,4196513.0,6949.0,20210107
279,13:39,137000.0,6000.0,137500.0,137000.0,4203305.0,6792.0,20210107
280,13:40,137500.0,6500.0,137500.0,137000.0,4208671.0,5366.0,20210107
281,13:41,137000.0,6000.0,137500.0,137000.0,4216883.0,8212.0,20210107
282,13:42,137500.0,6500.0,137500.0,137000.0,4228694.0,11811.0,20210107
283,13:43,137500.0,6500.0,137500.0,137000.0,4240055.0,11361.0,20210107
284,13:44,137000.0,6000.0,137500.0,137000.0,4249087.0,9032.0,20210107
285,13:45,137500.0,6500.0,137500.0,137000.0,4260170.0,11083.0,20210107
286,13:46,137000.0,6000.0,137500.0,137000.0,4264083.0,3913.0,20210107
287,13:47,137000.0,6000.0,137500.0,137000.0,4267767.0,3684.0,20210107
288,13:48,137000.0,6000.0,137500.0,137000.0,4401810.0,134043.0,20210107
289,13:49,137500.0,6500.0,137500.0,137000.0,4410346.0,8536.0,20210107
290,13:50,137500.0,6500.0,137500.0,137000.0,4417045.0,6699.0,20210107
291,13:51,137000.0,6000.0,137500.0,137000.0,4422028.0,4983.0,20210107
292,13:52,136500.0,5500.0,137000.0,136500.0,4440751.0,18723.0,20210107
293,13:53,136500.0,5500.0,137000.0,136500.0,4445063.0,4312.0,20210107
294,13:54,136500.0,5500.0,137000.0,136500.0,4450193.0,5130.0,20210107
295,13:55,136500.0,5500.0,137000.0,136500.0,4456704.0,6511.0,20210107
296,13:56,136500.0,5500.0,137000.0,136500.0,4471438.0,14734.0,20210107
297,13:57,136500.0,5500.0,137000.0,136500.0,4486432.0,14994.0,20210107
298,13:58,136000.0,5000.0,136500.0,136000.0,4530491.0,44059.0,20210107
299,13:59,136000.0,5000.0,136500.0,136000.0,4538505.0,8014.0,20210107
300,14:00,136000.0,5000.0,136500.0,136000.0,4606516.0,68011.0,20210107
301,14:01,136000.0,5000.0,136500.0,136000.0,4616769.0,10253.0,20210107
302,14:02,136000.0,5000.0,136000.0,135500.0,4632640.0,15871.0,20210107
303,14:03,135500.0,4500.0,136000.0,135500.0,4636021.0,3381.0,20210107
304,14:04,135500.0,4500.0,136000.0,135500.0,4702799.0,66778.0,20210107
305,14:05,135500.0,4500.0,136000.0,135500.0,4707451.0,4652.0,20210107
306,14:06,135500.0,4500.0,136000.0,135500.0,4715473.0,8022.0,20210107
307,14:07,136000.0,5000.0,136000.0,135500.0,4736961.0,21488.0,20210107
308,14:08,136000.0,5000.0,136000.0,135500.0,4740812.0,3851.0,20210107
309,14:09,135500.0,4500.0,136000.0,135500.0,4744505.0,3693.0,20210107
310,14:10,135500.0,4500.0,136000.0,135500.0,4754316.0,9811.0,20210107
311,14:11,135000.0,4000.0,136000.0,135500.0,4782078.0,27762.0,20210107
312,14:12,135000.0,4000.0,135500.0,135000.0,4786683.0,4605.0,20210107
313,14:13,135500.0,4500.0,135500.0,135000.0,4792037.0,5354.0,20210107
314,14:14,135500.0,4500.0,135500.0,135000.0,4797174.0,5137.0,20210107
315,14:15,135500.0,4500.0,135500.0,135000.0,4802790.0,5616.0,20210107
316,14:16,135000.0,4000.0,135500.0,135000.0,4810582.0,7792.0,20210107
317,14:17,135000.0,4000.0,135500.0,135000.0,4815728.0,5146.0,20210107
318,14:18,135500.0,4500.0,135500.0,135000.0,4819145.0,3417.0,20210107
319,14:19,135000.0,4000.0,135500.0,135000.0,4826292.0,7147.0,20210107
320,14:20,135500.0,4500.0,135500.0,135000.0,4832018.0,5726.0,20210107
321,14:21,135000.0,4000.0,135500.0,135000.0,4837776.0,5758.0,20210107
322,14:22,135500.0,4500.0,136000.0,135500.0,4910296.0,72520.0,20210107
323,14:23,135500.0,4500.0,136000.0,135500.0,4916377.0,6081.0,20210107
324,14:24,135000.0,4000.0,135500.0,135000.0,4951884.0,35507.0,20210107
325,14:25,135000.0,4000.0,135500.0,135000.0,4962984.0,11100.0,20210107
326,14:26,135500.0,4500.0,135500.0,135000.0,4997530.0,34546.0,20210107
327,14:27,135500.0,4500.0,136000.0,135500.0,5002608.0,5078.0,20210107
328,14:28,136000.0,5000.0,136000.0,135500.0,5005946.0,3338.0,20210107
329,14:29,135500.0,4500.0,136000.0,135500.0,5009651.0,3705.0,20210107
330,14:30,136000.0,5000.0,136500.0,136000.0,5060500.0,50849.0,20210107
331,14:31,136500.0,5500.0,136500.0,136000.0,5063147.0,2647.0,20210107
332,14:32,136000.0,5000.0,136500.0,136000.0,5079785.0,16638.0,20210107
333,14:33,135500.0,4500.0,136000.0,135500.0,5092853.0,13068.0,20210107
334,14:34,135500.0,4500.0,136000.0,135500.0,5097153.0,4300.0,20210107
335,14:35,136000.0,5000.0,136000.0,135500.0,5100570.0,3417.0,20210107
336,14:36,135500.0,4500.0,136000.0,135500.0,5105150.0,4580.0,20210107
337,14:37,136000.0,5000.0,136000.0,135500.0,5109867.0,4717.0,20210107
338,14:38,135500.0,4500.0,136000.0,135500.0,5114761.0,4894.0,20210107
339,14:39,135500.0,4500.0,136000.0,135500.0,5120230.0,5469.0,20210107
340,14:40,135500.0,4500.0,136000.0,135500.0,5124670.0,4440.0,20210107
341,14:41,136000.0,5000.0,136500.0,136000.0,5161872.0,37202.0,20210107
342,14:42,136000.0,5000.0,136500.0,136000.0,5166091.0,4219.0,20210107
343,14:43,136000.0,5000.0,136500.0,136000.0,5170891.0,4800.0,20210107
344,14:44,136000.0,5000.0,136500.0,136000.0,5174866.0,3975.0,20210107
345,14:45,136000.0,5000.0,136500.0,136000.0,5178349.0,3483.0,20210107
346,14:46,136000.0,5000.0,136500.0,136000.0,5182791.0,4442.0,20210107
347,14:47,136500.0,5500.0,136500.0,136000.0,5190114.0,7323.0,20210107
348,14:48,136000.0,5000.0,136500.0,136000.0,5228661.0,38547.0,20210107
349,14:49,136000.0,5000.0,136500.0,136000.0,5249865.0,21204.0,20210107
350,14:50,136000.0,5000.0,136500.0,136000.0,5253717.0,3852.0,20210107
351,14:51,136000.0,5000.0,136500.0,136000.0,5259970.0,6253.0,20210107
352,14:52,136000.0,5000.0,136500.0,136000.0,5273107.0,13137.0,20210107
353,14:53,135500.0,4500.0,136000.0,135500.0,5283726.0,10619.0,20210107
354,14:54,135500.0,4500.0,136000.0,135500.0,5290613.0,6887.0,20210107
355,14:55,136000.0,5000.0,136000.0,135500.0,5297095.0,6482.0,20210107
356,14:56,135500.0,4500.0,136000.0,135500.0,5300988.0,3893.0,20210107
357,14:57,136000.0,5000.0,136000.0,135500.0,5309284.0,8296.0,20210107
358,14:58,136000.0,5000.0,136000.0,135500.0,5313164.0,3880.0,20210107
359,14:59,135500.0,4500.0,136000.0,135500.0,5321720.0,8556.0,20210107
360,15:00,135500.0,4500.0,136000.0,135500.0,5328642.0,6922.0,20210107
361,15:01,135500.0,4500.0,136000.0,135500.0,5337855.0,9213.0,20210107
362,15:02,135500.0,4500.0,136000.0,135500.0,5371669.0,33814.0,20210107
363,15:03,136000.0,5000.0,136000.0,135500.0,5381736.0,10067.0,20210107
364,15:04,136000.0,5000.0,136000.0,135500.0,5387860.0,6124.0,20210107
365,15:05,135500.0,4500.0,136000.0,135500.0,5392075.0,4215.0,20210107
366,15:06,136000.0,5000.0,136000.0,135500.0,5398319.0,6244.0,20210107
367,15:07,136000.0,5000.0,136000.0,135500.0,5404943.0,6624.0,20210107
368,15:08,135500.0,4500.0,136000.0,135500.0,5410983.0,6040.0,20210107
369,15:09,136000.0,5000.0,136000.0,135500.0,5417486.0,6503.0,20210107
370,15:10,135500.0,4500.0,136000.0,135500.0,5448618.0,31132.0,20210107
371,15:11,135000.0,4000.0,135500.0,135000.0,5475223.0,26605.0,20210107
372,15:12,135500.0,4500.0,135500.0,135000.0,5481620.0,6397.0,20210107
373,15:13,135000.0,4000.0,135500.0,135000.0,5488366.0,6746.0,20210107
374,15:14,135500.0,4500.0,136000.0,135500.0,5519722.0,31356.0,20210107
375,15:15,135500.0,4500.0,136000.0,135500.0,5523653.0,3931.0,20210107
376,15:16,135500.0,4500.0,136000.0,135500.0,5547342.0,23689.0,20210107
377,15:17,135500.0,4500.0,136000.0,135500.0,5566762.0,19420.0,20210107
378,15:18,135500.0,4500.0,136000.0,135500.0,5575956.0,9194.0,20210107
379,15:19,135500.0,4500.0,135500.0,135000.0,5596314.0,20358.0,20210107
380,15:32,134500.0,3500.0,135000.0,134500.0,5940525.0,344211.0,20210107
381,15:40,134500.0,3500.0,135000.0,134500.0,5942938.0,2413.0,20210107
382,15:41,134500.0,3500.0,135000.0,134500.0,5943050.0,112.0,20210107
383,15:42,134500.0,3500.0,135000.0,134500.0,5943088.0,38.0,20210107
384,15:43,134500.0,3500.0,135000.0,134500.0,5943352.0,264.0,20210107
385,15:44,134500.0,3500.0,135000.0,134500.0,5943686.0,334.0,20210107
386,15:45,134500.0,3500.0,135000.0,134500.0,5943687.0,1.0,20210107
387,15:46,134500.0,3500.0,135000.0,134500.0,5943731.0,44.0,20210107
388,15:47,134500.0,3500.0,135000.0,134500.0,5943849.0,118.0,20210107
389,15:49,134500.0,3500.0,135000.0,134500.0,5943906.0,57.0,20210107
390,15:50,134500.0,3500.0,135000.0,134500.0,5943943.0,37.0,20210107
391,15:51,134500.0,3500.0,135000.0,134500.0,5943955.0,12.0,20210107
392,15:52,134500.0,3500.0,135000.0,134500.0,5944034.0,79.0,20210107
393,15:53,134500.0,3500.0,135000.0,134500.0,5944139.0,105.0,20210107
394,15:54,134500.0,3500.0,135000.0,134500.0,5944142.0,3.0,20210107
395,15:55,134500.0,3500.0,135000.0,134500.0,5944246.0,104.0,20210107
396,15:56,134500.0,3500.0,135000.0,134500.0,5944252.0,6.0,20210107
397,15:57,134500.0,3500.0,135000.0,134500.0,5944267.0,15.0,20210107
398,15:58,134500.0,3500.0,135000.0,134500.0,5944967.0,700.0,20210107
